ID_Uzorka;Dubina_Busenja_cm;Temp_Tla_C;pH_Vrijednost;H2O_Postotak;Metan_Senzor;Organske_Molekule
1;9,6;-44,3;7,22;5,66;Negativno;Ne
2;6,4;-83,0;7,55;1,68;Negativno;Ne
3;10,8;-42,4;6,39;1,59;Negativno;Ne
4;7,4;-68,4;6,42;2,6;Negativno;Ne
5;8,0;-66,6;6,32;2,34;Negativno;Ne
6;14,0;-38,4;6,9;3,63;Negativno;Ne
7;7,5;-66,3;6,63;5,03;Pozitivno;Ne
8;1,2;-43,8;6,5;5,47;Negativno;Ne
9;3,1;-59,5;7,43;1,6;Negativno;Ne
10;1,0;-31,0;7,06;4,56;Negativno;Ne
11;7,6;-49,5;6,88;0,66;Negativno;Ne
12;9,8;-48,7;7,59;0,14;Negativno;Ne
13;5,8;-86,2;7,05;4,66;Negativno;Ne
14;3,3;-32,7;7,44;3,95;Negativno;Da
15;8,7;-16,0;5,64;4,7;Pozitivno;Ne
16;7,7;-49,5;7,23;5,48;Negativno;Ne
17;12,6;-45,9;7,32;1,35;Negativno;Ne
18;1,3;-71,1;6,83;0,83;Negativno;Ne
19;9,8;-72,2;7,58;5,84;Negativno;Ne
20;13,0;-52,7;7,79;2,75;Negativno;Da
21;7,6;-66,8;6,42;3,84;Negativno;Ne
22;7,1;-40,9;7,55;1,6;Negativno;Ne
23;14,9;-45,7;6,91;2,41;Negativno;Ne
24;1,1;-49,7;7,04;0,81;Negativno;Ne
25;3,2;-33,9;7,75;4,08;Negativno;Ne
26;4,9;-34,9;6,96;3,39;Negativno;Ne
27;5,7;-48,8;6,37;0,99;Negativno;Ne
28;1,4;-57,0;7,44;1,06;Negativno;Ne
29;10,5;-5,5;8,19;5,483531053577124;Pozitivno;Da
30;10,7;-50,2;7,51;1,9;Negativno;Ne
31;11,6;-37,6;6,94;4,75;Negativno;Ne
32;10,2;-32,0;7,66;3,64;Pozitivno;Ne
33;6,1;-64,2;6,77;2,59;Negativno;Ne
34;0,2;-51,0;7,36;0,79;Negativno;Ne
35;6,2;-70,0;6,95;1,06;Pozitivno;Ne
36;8,5;-18,8;7,37;5,27;Negativno;Ne
37;11,1;-74,5;7,34;3,26;Negativno;Ne
38;7,7;-41,0;6,94;3,47;Negativno;Ne
39;12,5;-58,0;7,02;4,13;Negativno;Ne
40;5,7;-42,0;7,29;2,6;Negativno;Ne
41;13,3;-79,1;7,89;4,96;Negativno;Ne
42;12,4;-66,0;7,18;0,48;Negativno;Ne
43;11,1;-34,6;7,9;0,49;Negativno;Da
44;9,9;-31,8;6,1;0,12;Negativno;Ne
45;13,3;-28,6;7,96;4,21;Negativno;Ne
46;0,5;-67,3;6,5;3,26;Negativno;Ne
47;4,5;-56,9;6,51;2,68;Negativno;Ne
48;6,9;-6,0;6,89;4,706213876965043;Pozitivno;Da
49;4,8;-17,2;6,83;0,56;Negativno;Ne
50;13,9;-66,8;6,4;3,75;Negativno;Ne
51;13,0;-39,3;6,99;1,72;Negativno;Ne
52;12,5;-30,0;6,82;5,59;Negativno;Ne
53;2,7;-51,4;7,23;3,26;Negativno;Ne
54;7,7;-48,0;7,08;4,07;Negativno;Ne
55;3,9;-40,6;6,3;0,68;Negativno;Ne
56;0,9;-54,1;7,25;0,28;Negativno;Ne
57;4,1;-83,4;6,86;0,61;Negativno;Ne
58;2,0;-46,7;6,51;4,34;Negativno;Ne
59;12,6;-45,7;6,69;4,57;Negativno;Ne
60;9,3;-61,4;6,64;4,3;Negativno;Ne
61;0,3;-50,4;6,58;3,48;Negativno;Ne
62;14,8;-47,9;7,02;4,08;Negativno;Ne
63;11,3;-41,8;6,14;1,08;Negativno;Ne
64;6,7;-55,5;7,55;4,71;Negativno;Ne
65;11,3;-54,0;7,44;4,91;Negativno;Ne
66;9,6;-33,6;6,23;5,9;Pozitivno;Ne
67;10,8;-42,0;6,34;1,89;Pozitivno;Da
68;6,9;-64,4;6,76;4,82;Negativno;Da
69;8,7;-64,0;7,08;2,69;Negativno;Ne
70;5,3;-35,1;6,84;2,02;Negativno;Ne
71;6,5;-44,6;6,95;1,53;Negativno;Ne
72;2,3;-57,3;6,94;3,69;Negativno;Ne
73;10,1;-67,7;6,23;5,32;Negativno;Da
74;4,7;-62,7;7,67;2,07;Negativno;Ne
75;9,6;-64,3;6,38;4,35;Negativno;Ne
76;7,2;-53,0;6,68;5,52;Negativno;Ne
77;0,7;-48,1;7,16;4,43;Negativno;Ne
78;0,1;-62,3;7,9;1,44;Negativno;Ne
79;13,4;-45,4;6,95;3,9;Negativno;Ne
80;9,6;-52,3;7,23;4,7;Negativno;Ne
81;6,7;-50,1;6,64;1,2;Pozitivno;Ne
82;8,2;-68,9;6,66;2,55;Negativno;Ne
83;6,5;-52,4;6,9;0,83;Negativno;Ne
84;0,9;-35,5;7,76;5,59;Negativno;Ne
85;1,0;-55,2;6,83;2,21;Negativno;Ne
86;8,6;-41,7;7,2;5,28;Negativno;Ne
87;11,1;-41,1;7,47;1,09;Pozitivno;Ne
88;11,5;-70,7;7,05;0,32;Negativno;Ne
89;8,7;-16,9;6,93;0,61;Negativno;Ne
90;3,7;-51,7;7,81;1,04;Pozitivno;Ne
91;11,0;-36,9;7,51;3,73;Negativno;Ne
92;3,6;-46,3;6,91;3,32;Negativno;Ne
93;2,9;-37,9;7,42;3,78;Negativno;Ne
94;7,4;-33,2;7,85;5,47;Negativno;Ne
95;7,0;-49,2;6,64;1,86;Negativno;Ne
96;11,8;-49,8;6,19;2,43;Negativno;Ne
97;14,4;-61,6;6,77;1,0;Pozitivno;Ne
98;10,8;-43,1;6,38;4,11;Negativno;Ne
99;5,2;-43,6;6,41;5,43;Negativno;Ne
100;9,9;-26,2;6,35;3,5;Negativno;Ne
101;3,1;-62,9;6,37;3,61;Negativno;Ne
102;9,5;-61,6;6,74;0,19;Pozitivno;Ne
103;12,9;-69,6;6,08;2,55;Negativno;Ne
104;12,3;-61,5;7,22;5,52;Pozitivno;Ne
105;6,5;-69,8;6,93;1,26;Negativno;Ne
106;4,2;-43,0;7,26;5,12;Negativno;Ne
107;10,7;-32,8;6,64;3,63;Negativno;Ne
108;12,4;-38,0;6,36;4,1;Pozitivno;Ne
109;8,1;-54,6;6,81;4,21;Negativno;Ne
110;1,8;-48,1;7,13;3,44;Negativno;Ne
111;7,0;-66,9;5,8;4,11;Negativno;Ne
112;3,0;-61,2;7,46;3,75;Negativno;Ne
113;11,2;-38,7;6,58;5,84;Negativno;Ne
114;12,5;-33,4;6,44;4,09;Negativno;Ne
115;1,1;-33,1;7,08;3,74;Negativno;Ne
116;3,5;-31,7;6,45;5,86;Negativno;Ne
117;13,7;-56,0;6,67;2,87;Negativno;Ne
118;4,6;-39,9;7,27;2,73;Negativno;Ne
119;1,3;-58,4;7,84;4,44;Negativno;Ne
120;2,6;-37,2;7,17;0,5;Negativno;Ne
121;7,0;-48,6;7,21;4,3;Negativno;Ne
122;0,4;-55,0;6,6;4,99;Pozitivno;Ne
123;12,5;-55,3;7,13;5,09;Negativno;Ne
124;3,8;-72,0;7,27;4,41;Negativno;Ne
125;13,0;-38,5;6,05;3,14;Negativno;Ne
126;3,1;-57,5;6,89;2,92;Negativno;Ne
127;10,1;-66,3;6,9;0,36;Negativno;Ne
128;8,9;-44,9;6,83;0,72;Negativno;Ne
129;13,6;150,0;-2,0;3,84;Pozitivno;Ne
130;4,2;-42,9;7,6;5,91;Negativno;Ne
131;6,4;-21,9;8,26;4,88;Negativno;Da
132;12,3;-60,8;7,07;0,67;Negativno;Ne
133;0,2;-36,3;6,92;4,66;Negativno;Ne
134;13,5;-28,1;7,33;1,0;Negativno;Ne
135;8,6;-56,3;7,8;0,88;Negativno;Ne
136;9,8;-65,3;7,56;4,11;Pozitivno;Da
137;13,7;-62,7;7,17;4,47;Negativno;Ne
138;1,8;-57,5;6,62;4,9;Negativno;Ne
139;2,0;-26,7;7,01;0,53;Negativno;Ne
140;4,9;-56,4;7,09;5,94;Negativno;Ne
141;12,9;-75,0;6,8;2,43;Negativno;Ne
142;7,4;-64,4;6,95;2,2;Negativno;Ne
143;6,4;-44,5;6,52;0,61;Negativno;Da
144;1,9;-63,2;6,75;3,96;Negativno;Ne
145;3,4;-57,4;7,37;5,03;Negativno;Ne
146;1,0;-44,5;6,81;3,95;Negativno;Ne
147;11,2;-25,4;7,81;1,91;Negativno;Ne
148;8,0;-14,5;6,41;5,187775553032347;Pozitivno;Da
149;10,2;-25,2;6,36;4,82;Negativno;Ne
150;8,4;-46,1;6,42;1,2;Negativno;Ne
151;5,2;-30,7;6,4;4,4;Negativno;Ne
152;9,6;-39,5;6,81;0,55;Negativno;Ne
153;9,5;-59,3;7,33;5,72;Negativno;Ne
154;7,2;-24,6;6,83;5,48;Negativno;Ne
155;12,0;-43,4;6,7;1,8;Negativno;Ne
156;2,8;-54,1;6,42;5,89;Negativno;Ne
157;3,3;-46,1;6,24;5,39;Negativno;Ne
158;12,4;-48,8;7,33;1,5;Negativno;Ne
159;0,2;-47,1;7,0;2,18;Negativno;Ne
160;12,5;-51,2;6,51;1,85;Negativno;Ne
161;6,7;-49,5;6,32;4,92;Negativno;Ne
162;1,3;-40,8;6,91;5,72;Negativno;Ne
163;8,9;-51,3;7,5;0,29;Negativno;Ne
164;0,4;-83,8;7,26;1,45;Negativno;Ne
165;7,9;-32,8;7,43;1,55;Negativno;Ne
166;11,9;-39,9;6,9;2,01;Negativno;Ne
167;8,4;-39,4;7,32;0,44;Negativno;Ne
168;9,3;-41,0;8,06;4,15;Negativno;Ne
169;3,0;-44,2;7,49;0,79;Negativno;Ne
170;1,8;-31,9;7,16;1,24;Negativno;Ne
171;14,1;-65,3;6,87;3,93;Negativno;Ne
172;3,0;-45,8;7,01;2,69;Negativno;Ne
173;1,0;-66,5;7,56;2,0;Pozitivno;Ne
174;4,3;-56,4;6,44;5,3;Negativno;Ne
175;8,0;-51,3;7,25;3,25;Negativno;Ne
176;11,9;-53,0;6,84;1,53;Negativno;Ne
177;5,3;-62,6;6,32;2,08;Negativno;Ne
178;3,6;-15,2;6,8;2,66;Negativno;Ne
179;3,6;-36,8;6,8;1,19;Negativno;Ne
180;4,1;-41,6;7,83;1,88;Negativno;Ne
181;11,4;-51,4;7,35;5,69;Pozitivno;Ne
182;7,3;-51,9;7,26;5,68;Negativno;Ne
183;12,8;-59,8;7,02;1,35;Negativno;Ne
184;0,6;-88,4;7,13;2,94;Negativno;Da
185;3,0;-53,7;6,88;4,03;Negativno;Ne
186;14,4;-49,1;7,21;0,92;Pozitivno;Ne
187;3,1;-58,1;7,03;0,31;Negativno;Ne
188;14,1;-54,3;6,93;3,09;Negativno;Ne
189;11,2;-49,1;7,53;0,9;Negativno;Ne
190;3,1;-29,0;7,3;5,71;Negativno;Ne
191;10,5;-83,5;6,89;3,55;Negativno;Ne
192;12,1;-67,6;6,21;0,65;Pozitivno;Ne
193;3,1;-50,7;6,54;5,76;Negativno;Ne
194;2,0;-73,9;7,91;3,04;Negativno;Ne
195;7,1;-27,7;6,64;3,56;Negativno;Ne
196;0,3;-47,8;7,05;1,78;Negativno;Ne
197;14,8;-47,7;6,14;3,38;Negativno;Ne
198;5,9;-52,2;8,22;5,64;Negativno;Ne
199;11,7;-17,0;7,35;1,86;Negativno;Ne
200;5,9;-59,3;5,9;4,18;Negativno;Ne
201;11,1;-65,8;7,87;4,45;Negativno;Ne
202;9,7;-40,3;6,6;2,16;Negativno;Ne
203;8,7;-50,2;7,22;4,21;Negativno;Ne
204;5,1;-40,6;7,34;0,54;Negativno;Ne
205;13,7;-48,9;7,2;4,35;Pozitivno;Ne
206;7,5;-50,3;6,33;4,11;Negativno;Ne
207;11,1;-34,4;6,88;3,79;Negativno;Ne
208;11,5;-62,6;6,44;1,04;Negativno;Da
209;7,9;-51,4;6,82;3,61;Negativno;Ne
210;9,9;-53,9;7,02;5,94;Negativno;Ne
211;3,6;-45,4;7,28;1,34;Negativno;Ne
212;8,0;-57,2;6,67;3,67;Negativno;Ne
213;5,1;-68,0;6,58;2,52;Negativno;Ne
214;3,1;-51,7;6,9;5,48;Negativno;Ne
215;2,5;-59,4;7,26;2,28;Negativno;Ne
216;8,7;-47,2;6,61;4,98;Negativno;Ne
217;13,8;-44,4;6,47;0,4;Negativno;Ne
218;8,6;-22,3;7,37;3,81;Negativno;Ne
219;13,9;-44,6;6,2;1,61;Negativno;Ne
220;7,5;-48,1;7,46;3,74;Negativno;Ne
221;0,2;-44,3;7,26;1,18;Negativno;Ne
222;1,0;-22,0;6,07;4,6;Negativno;Ne
223;4,0;-57,4;6,83;2,0;Negativno;Ne
224;0,8;-47,6;6,97;4,63;Negativno;Ne
225;5,4;-54,5;6,7;3,49;Negativno;Ne
226;7,6;-43,3;7,03;1,67;Negativno;Ne
227;14,0;-49,1;8,07;3,49;Negativno;Ne
228;3,8;-37,7;7,28;3,6;Negativno;Ne
229;1,1;-42,6;6,58;0,45;Negativno;Ne
230;5,0;-77,8;5,93;3,87;Negativno;Ne
231;6,8;-42,5;6,67;5,29;Negativno;Ne
232;0,8;-54,0;6,74;0,67;Negativno;Ne
233;0,3;-42,5;6,63;2,85;Negativno;Ne
234;14,5;-51,1;6,89;5,1;Negativno;Ne
235;4,0;-67,4;7,69;0,24;Negativno;Ne
236;2,4;-67,6;7,02;5,56;Negativno;Ne
237;3,6;-47,2;6,37;5,66;Negativno;Ne
238;7,2;-66,4;7,76;2,54;Negativno;Ne
239;14,3;-62,5;7,2;4,85;Negativno;Ne
240;3,4;-60,9;7,61;0,74;Negativno;Ne
241;4,8;-52,4;7,77;4,48;Negativno;Ne
242;14,5;-36,4;6,29;4,94;Negativno;Ne
243;6,3;-46,4;6,67;1,2;Negativno;Ne
244;0,8;-72,6;6,54;0,8;Negativno;Da
245;9,2;-58,5;7,03;1,89;Negativno;Ne
246;10,4;-60,3;6,7;5,36;Negativno;Da
247;14,1;-68,2;6,82;0,71;Negativno;Ne
248;10,0;-48,1;7,1;4,09;Negativno;Ne
249;1,3;-27,9;7,38;1,4;Negativno;Ne
250;1,5;-37,0;7,33;5,65;Negativno;Ne
251;7,5;-38,7;5,75;3,04;Negativno;Ne
252;1,5;-59,8;7,27;5,0;Negativno;Ne
253;2,4;-53,9;6,79;5,9;Negativno;Ne
254;7,5;-48,0;6,67;1,57;Negativno;Ne
255;2,6;-28,8;7,28;1,37;Negativno;Ne
256;2,3;-23,8;7,16;1,85;Negativno;Ne
257;7,9;-72,0;7,66;1,29;Negativno;Da
258;6,3;-37,3;7,67;0,41;Negativno;Ne
259;12,8;-5,2;6,57;0,33;Pozitivno;Ne
260;7,1;-57,6;6,85;4,92;Negativno;Da
261;3,7;-60,5;7,42;3,41;Negativno;Da
262;5,8;-72,0;7,3;0,28;Negativno;Ne
263;12,9;-20,9;6,57;3,6;Negativno;Ne
264;6,9;-49,1;7,12;5,04;Negativno;Ne
265;8,3;-55,7;7,43;5,62;Negativno;Ne
266;7,4;-55,1;6,01;2,64;Negativno;Ne
267;8,7;-16,2;7,9;7,197775553032347;Pozitivno;Da
268;11,2;-33,9;7,14;3,68;Negativno;Ne
269;0,5;-24,2;6,77;1,57;Negativno;Ne
270;5,5;-22,0;7,71;3,1;Negativno;Ne
271;8,4;-38,9;6,71;2,72;Negativno;Ne
272;14,9;-67,4;7,15;2,13;Negativno;Ne
273;11,5;-61,7;6,89;1,51;Negativno;Da
274;0,6;-51,1;7,3;3,35;Negativno;Da
275;14,1;-33,5;6,87;4,69;Negativno;Ne
276;10,7;-62,4;6,77;4,04;Negativno;Ne
277;14,2;-46,6;6,51;5,73;Negativno;Ne
278;13,5;-37,8;7,65;1,63;Negativno;Ne
279;7,0;-63,0;6,6;5,36;Negativno;Ne
280;10,0;-26,9;7,06;5,8;Negativno;Ne
281;4,3;-50,4;7,35;5,81;Negativno;Ne
282;6,4;-53,1;7,41;5,24;Negativno;Ne
283;1,2;-51,2;7,21;4,87;Negativno;Ne
284;9,4;-52,9;6,12;5,53;Negativno;Ne
285;5,0;-43,3;7,19;4,66;Negativno;Ne
286;2,6;-47,0;7,37;0,6;Negativno;Ne
287;11,9;-41,3;7,81;1,87;Negativno;Ne
288;12,5;-53,4;6,76;4,03;Negativno;Ne
289;10,9;-52,7;7,77;3,69;Negativno;Ne
290;3,5;-44,5;7,16;3,89;Negativno;Ne
291;0,4;-46,3;8,19;2,6;Pozitivno;Ne
292;10,9;-77,1;6,47;5,27;Negativno;Ne
293;1,2;-33,3;7,16;4,94;Pozitivno;Ne
294;3,0;-56,3;7,05;3,72;Negativno;Ne
295;13,0;-52,3;5,88;2,07;Negativno;Ne
296;2,0;-70,9;7,02;4,34;Negativno;Ne
297;15,0;-11,2;6,48;4,277775553032347;Pozitivno;Da
298;2,7;-31,6;6,89;2,55;Negativno;Ne
299;9,0;-45,0;6,44;3,92;Negativno;Da
300;10,5;-45,3;7,25;1,97;Pozitivno;Ne
301;9,7;-44,7;7,5;5,21;Negativno;Ne
302;12,2;-69,6;7,9;0,43;Negativno;Ne
303;12,4;-50,6;7,31;4,45;Negativno;Ne
304;14,2;-44,6;6,2;3,45;Negativno;Ne
305;10,9;-34,8;6,68;1,97;Negativno;Ne
306;0,2;-40,6;6,71;0,56;Negativno;Ne
307;13,1;150,0;-2,0;4,96;Pozitivno;Ne
308;1,0;-65,7;6,63;2,92;Negativno;Ne
309;7,3;-60,4;6,31;3,34;Negativno;Ne
310;10,9;-31,6;7,28;2,97;Negativno;Ne
311;1,3;-60,6;6,98;2,85;Negativno;Ne
312;3,6;-42,5;6,95;3,28;Negativno;Ne
313;1,7;-43,5;7,37;3,1;Negativno;Ne
314;8,3;-55,7;7,68;0,89;Negativno;Ne
315;2,5;-48,3;7,64;1,63;Negativno;Ne
316;9,1;-60,4;7,83;3,59;Negativno;Ne
317;2,4;-38,0;6,97;5,85;Negativno;Ne
318;3,9;-64,5;7,31;4,21;Negativno;Ne
319;13,5;-66,6;7,48;3,28;Negativno;Ne
320;11,5;-70,1;7,3;2,05;Negativno;Da
321;3,3;-24,5;7,94;4,03;Negativno;Ne
322;3,3;-29,1;6,33;1,43;Negativno;Ne
323;4,6;-34,0;6,98;4,42;Negativno;Ne
324;3,4;-60,0;6,46;4,26;Negativno;Ne
325;12,6;-65,9;5,58;4,43;Negativno;Ne
326;6,0;-38,7;7,38;4,92;Negativno;Ne
327;1,9;-33,8;7,74;0,7;Negativno;Ne
328;1,4;-9,1;7,46;4,196213876965043;Pozitivno;Da
329;14,7;-51,4;6,84;0,9;Negativno;Ne
330;10,8;-69,9;7,03;4,21;Negativno;Ne
331;9,6;-42,4;7,25;0,13;Negativno;Ne
332;6,5;-47,6;7,65;4,82;Pozitivno;Ne
333;5,0;-66,8;7,08;1,4;Negativno;Ne
334;8,3;-35,7;6,71;3,71;Negativno;Ne
335;7,9;-32,3;6,36;2,04;Negativno;Ne
336;0,7;-65,8;7,8;2,19;Negativno;Ne
337;12,5;-49,6;6,44;4,08;Negativno;Ne
338;1,5;-26,4;6,09;5,73;Negativno;Ne
339;12,7;-34,7;7,84;0,69;Negativno;Ne
340;3,4;-26,7;7,22;0,51;Negativno;Ne
341;12,4;-58,3;6,79;0,68;Negativno;Ne
342;8,1;-44,5;6,46;4,96;Pozitivno;Ne
343;4,8;-76,0;6,72;2,4;Negativno;Ne
344;10,8;-26,3;7,11;3,2;Negativno;Ne
345;13,8;-43,0;7,73;3,01;Negativno;Ne
346;7,1;-9,2;6,63;5,973531053577124;Pozitivno;Da
347;8,3;-43,0;6,93;0,14;Negativno;Ne
348;13,0;-38,1;6,6;3,34;Negativno;Ne
349;2,3;-63,2;6,86;4,28;Negativno;Ne
350;2,7;-69,2;6,99;0,62;Negativno;Ne
351;14,5;-55,8;6,94;2,73;Negativno;Ne
352;1,1;-41,7;7,67;1,55;Pozitivno;Ne
353;9,7;-60,2;5,56;3,03;Negativno;Da
354;13,8;-47,0;7,5;3,96;Negativno;Ne
355;2,0;-73,3;6,99;4,01;Negativno;Ne
356;14,5;-71,4;6,99;2,74;Negativno;Ne
357;5,6;-42,8;7,52;4,43;Negativno;Ne
358;3,6;-63,5;7,16;5,99;Negativno;Da
359;2,3;-82,4;6,78;3,32;Negativno;Ne
360;3,5;-70,2;7,49;5,38;Negativno;Ne
361;9,0;-41,7;6,31;1,68;Negativno;Ne
362;14,8;-50,0;6,58;2,85;Negativno;Ne
363;4,6;-46,4;6,73;5,47;Negativno;Ne
364;3,1;-25,8;6,32;1,34;Negativno;Ne
365;6,0;-43,3;5,97;2,61;Negativno;Ne
366;13,7;-25,4;6,76;1,42;Pozitivno;Ne
367;3,5;-70,1;7,75;5,15;Negativno;Ne
368;8,1;-43,1;6,77;2,82;Negativno;Ne
369;9,5;-62,0;6,8;1,48;Negativno;Ne
370;1,4;-64,7;6,73;3,59;Negativno;Ne
371;11,7;-17,6;7,15;8,403531053577124;Pozitivno;Da
372;5,7;-53,5;7,19;5,06;Negativno;Ne
373;7,0;-65,5;7,99;3,24;Negativno;Ne
374;0,9;-65,7;6,92;4,61;Negativno;Ne
375;6,4;-18,5;6,55;8,127775553032347;Pozitivno;Da
376;8,8;-29,6;6,94;0,26;Negativno;Ne
377;1,5;-55,1;6,78;2,64;Negativno;Ne
378;8,5;-57,3;7,45;4,5;Negativno;Ne
379;1,8;-45,8;6,84;0,72;Negativno;Ne
380;8,9;-21,2;6,56;3,78;Negativno;Ne
381;3,7;-41,5;7,22;4,71;Negativno;Ne
382;13,5;-33,0;7,5;2,41;Pozitivno;Ne
383;1,9;-59,2;7,49;1,09;Negativno;Ne
384;5,7;-45,6;7,02;1,08;Negativno;Ne
385;1,8;-45,2;6,68;2,63;Negativno;Ne
386;10,1;-61,3;6,49;0,67;Negativno;Ne
387;3,9;-60,5;7,14;4,49;Negativno;Ne
388;7,6;-43,9;7,0;5,69;Negativno;Da
389;9,9;-55,5;7,35;3,03;Negativno;Ne
390;3,8;-55,7;7,08;2,77;Negativno;Ne
391;1,4;-30,4;7,01;4,75;Negativno;Ne
392;10,0;-46,6;7,31;5,14;Negativno;Ne
393;1,7;-54,2;6,4;1,06;Negativno;Ne
394;5,8;-46,5;7,08;0,43;Negativno;Ne
395;6,5;-56,4;7,73;2,21;Pozitivno;Ne
396;10,1;-38,1;6,87;2,95;Negativno;Ne
397;14,7;-61,0;7,09;2,92;Negativno;Ne
398;4,4;-45,1;6,53;4,87;Negativno;Ne
399;8,7;-64,4;6,63;0,71;Negativno;Da
400;0,5;-60,9;6,62;5,49;Negativno;Ne
401;5,5;-5,6;7,72;8,827775553032348;Pozitivno;Da
402;11,4;-45,9;8,13;1,43;Negativno;Ne
403;0,3;-59,9;6,52;3,15;Negativno;Ne
404;5,4;-36,2;7,35;3,37;Negativno;Ne
405;0,5;-30,6;7,3;1,03;Negativno;Ne
406;6,9;-53,9;6,55;1,2;Negativno;Da
407;7,7;-49,0;6,15;4,06;Negativno;Ne
408;7,9;-70,1;6,94;0,5;Negativno;Ne
409;10,0;-33,1;6,48;5,56;Negativno;Ne
410;5,6;-65,3;6,86;5,39;Pozitivno;Ne
411;0,9;-47,0;7,6;2,52;Negativno;Ne
412;3,8;-42,2;6,64;2,85;Negativno;Ne
413;4,0;-73,6;7,76;1,32;Negativno;Ne
414;12,6;-56,6;6,81;5,31;Negativno;Ne
415;1,9;-74,1;7,18;5,01;Negativno;Ne
416;14,9;-71,6;7,47;4,46;Negativno;Ne
417;13,5;-47,8;6,92;0,25;Negativno;Ne
418;14,9;-43,2;6,63;3,9;Negativno;Ne
419;5,9;-63,0;6,33;0,44;Negativno;Da
420;9,2;-58,1;7,04;0,24;Negativno;Ne
421;11,7;-55,2;6,7;3,27;Negativno;Ne
422;3,5;-54,7;6,8;0,58;Negativno;Ne
423;1,2;-71,9;6,41;2,26;Negativno;Ne
424;0,4;-38,1;6,63;2,58;Pozitivno;Ne
425;0,7;-39,0;6,96;0,27;Pozitivno;Ne
426;10,4;-16,2;7,71;2,45;Negativno;Ne
427;3,3;-49,5;7,02;1,31;Negativno;Ne
428;0,5;-47,7;6,96;4,4;Negativno;Ne
429;4,0;-38,3;6,34;0,73;Negativno;Ne
430;13,2;-64,8;6,92;4,69;Negativno;Ne
431;2,4;-64,9;8,02;5,44;Negativno;Ne
432;0,5;-43,9;7,19;3,24;Negativno;Da
433;6,8;-14,4;6,97;1,47;Negativno;Ne
434;2,5;-7,1;7,14;6,156213876965043;Pozitivno;Da
435;8,6;-58,1;6,51;4,64;Negativno;Ne
436;0,2;-60,8;6,97;2,52;Pozitivno;Ne
437;3,2;-16,5;7,59;7,083531053577125;Pozitivno;Da
438;8,2;-62,0;7,08;4,09;Negativno;Ne
439;4,4;-36,0;6,19;2,67;Negativno;Ne
440;5,2;-45,3;6,98;3,41;Negativno;Da
441;11,7;-46,7;6,91;1,5;Negativno;Ne
442;8,9;-51,7;7,42;0,21;Negativno;Ne
443;6,8;-40,4;7,2;5,39;Negativno;Ne
444;0,5;-73,8;7,53;4,47;Negativno;Ne
445;6,7;-35,4;7,51;3,14;Negativno;Ne
446;8,4;-58,0;6,95;2,97;Negativno;Ne
447;11,0;-33,0;7,38;5,05;Pozitivno;Ne
448;8,8;-1,1;8,03;4,21;Negativno;Da
449;9,8;-35,8;6,59;5,35;Negativno;Ne
450;11,2;-57,9;7,88;5,45;Negativno;Ne
451;14,3;-57,0;6,55;4,63;Negativno;Ne
452;0,7;-41,1;6,6;4,81;Negativno;Ne
453;9,5;-49,2;6,72;5,42;Negativno;Da
454;4,8;-30,7;6,79;5,51;Negativno;Ne
455;10,9;-66,8;6,43;3,55;Negativno;Ne
456;8,7;-34,6;7,77;2,33;Negativno;Ne
457;8,1;-68,9;7,61;1,73;Negativno;Ne
458;4,5;-46,8;7,64;5,6;Negativno;Ne
459;8,0;-60,0;7,51;1,37;Pozitivno;Ne
460;9,3;-43,4;7,19;5,11;Pozitivno;Ne
461;8,3;-35,7;7,25;3,03;Negativno;Ne
462;4,1;-37,6;7,08;5,15;Negativno;Ne
463;14,3;-70,4;6,24;1,23;Negativno;Ne
464;3,3;-27,3;6,37;4,77;Negativno;Ne
465;9,9;-38,9;7,19;0,14;Negativno;Ne
466;0,4;-44,9;6,15;5,43;Negativno;Ne
467;3,6;-39,2;6,94;4,29;Negativno;Ne
468;3,0;-44,4;6,93;4,19;Negativno;Ne
469;1,6;-65,2;6,31;3,49;Negativno;Ne
470;4,4;-52,8;7,32;5,66;Negativno;Ne
471;8,3;-44,4;8,22;4,11;Negativno;Ne
472;11,6;-59,4;8,05;3,87;Negativno;Ne
473;9,7;-57,1;6,47;4,71;Negativno;Ne
474;1,8;-27,6;6,39;4,84;Negativno;Ne
475;3,2;-34,5;7,08;3,82;Negativno;Ne
476;13,7;-54,0;7,76;0,81;Negativno;Ne
477;11,4;-47,4;6,0;3,76;Negativno;Da
478;1,4;-38,4;7,77;2,94;Negativno;Ne
479;2,9;-32,5;7,74;5,74;Negativno;Ne
480;10,1;-47,3;6,2;0,19;Negativno;Ne
481;11,7;-39,3;6,67;1,32;Negativno;Ne
482;14,4;-49,2;6,55;5,41;Negativno;Ne
483;13,9;-60,2;6,81;2,22;Negativno;Ne
484;14,7;-46,4;6,97;2,48;Negativno;Ne
485;3,4;-48,7;6,9;0,13;Negativno;Ne
486;0,1;-40,7;7,36;1,11;Negativno;Ne
487;2,0;-35,7;6,33;1,51;Negativno;Ne
488;6,7;-71,8;6,69;0,23;Negativno;Ne
489;9,2;-49,5;6,84;3,09;Negativno;Ne
490;8,4;-48,4;6,96;1,07;Negativno;Ne
491;3,2;-48,2;7,46;1,98;Negativno;Ne
492;9,2;-58,4;7,12;2,49;Negativno;Ne
493;9,5;-74,9;6,51;3,67;Negativno;Ne
494;13,0;-37,3;7,27;4,98;Negativno;Ne
495;13,1;-71,6;6,58;4,59;Negativno;Ne
496;2,2;150,0;-2,0;2,41;Pozitivno;Ne
497;14,8;-53,1;7,48;2,81;Negativno;Da
498;6,9;-56,7;7,25;1,4;Negativno;Ne
499;9,2;-30,3;7,6;2,07;Negativno;Ne
500;12,5;-57,9;6,89;4,43;Negativno;Ne
501;0,8;-38,5;7,34;3,25;Negativno;Ne
502;8,1;-69,5;7,51;0,72;Negativno;Ne
503;10,1;-50,5;7,29;5,58;Negativno;Ne
504;2,9;-58,0;7,29;1,69;Negativno;Ne
505;10,0;-33,0;6,26;0,94;Negativno;Ne
506;10,5;-55,1;6,93;4,39;Negativno;Ne
507;2,6;-28,5;7,28;2,24;Negativno;Ne
508;9,3;-28,8;6,76;3,15;Negativno;Ne
509;8,2;-69,9;7,35;2,83;Negativno;Ne
510;7,2;-58,3;7,39;1,26;Negativno;Ne
511;3,3;-35,9;6,64;1,47;Negativno;Ne
512;5,6;-66,4;7,28;4,38;Negativno;Ne
513;2,9;-25,3;6,89;4,32;Negativno;Ne
514;11,4;-53,5;7,24;1,79;Negativno;Ne
515;6,1;-59,6;6,9;0,84;Negativno;Da
516;11,2;-59,5;7,93;0,96;Negativno;Da
517;10,0;-40,4;6,27;1,12;Negativno;Ne
518;14,8;-24,0;6,83;2,7;Negativno;Ne
519;10,8;-64,8;7,55;1,55;Negativno;Ne
520;3,5;-53,4;6,61;5,93;Negativno;Ne
521;13,8;-53,6;7,47;5,56;Negativno;Ne
522;4,6;-69,9;6,33;0,2;Negativno;Ne
523;11,8;-63,7;7,81;2,5;Negativno;Ne
524;10,4;-43,5;7,3;3,57;Negativno;Ne
525;12,4;-43,9;7,33;0,75;Negativno;Ne
526;9,7;-29,1;7,16;4,84;Negativno;Ne
527;3,1;-48,2;6,41;1,85;Negativno;Ne
528;2,7;-70,1;6,95;0,61;Negativno;Ne
529;10,9;-65,7;7,73;1,15;Negativno;Ne
530;10,8;-44,3;6,6;3,7;Negativno;Ne
531;7,7;-41,0;7,03;2,08;Negativno;Ne
532;1,6;-84,0;8,42;1,05;Negativno;Ne
533;11,0;-52,1;6,59;3,93;Negativno;Ne
534;7,3;-59,4;7,31;3,24;Negativno;Ne
535;3,6;-41,2;6,35;4,76;Negativno;Ne
536;12,2;-39,8;7,38;4,92;Negativno;Ne
537;13,9;-37,8;7,6;0,94;Negativno;Ne
538;12,3;-65,4;6,29;3,0;Negativno;Ne
539;11,4;-65,9;7,61;0,49;Negativno;Ne
540;2,2;-51,0;6,86;2,74;Negativno;Ne
541;9,2;-29,6;7,74;3,33;Negativno;Ne
542;6,0;-43,8;7,01;2,53;Negativno;Ne
543;6,3;-53,9;8,14;5,85;Negativno;Ne
544;4,1;-48,7;6,53;0,16;Negativno;Ne
545;9,1;-47,4;7,01;0,47;Negativno;Ne
546;9,7;-60,4;7,22;2,51;Negativno;Ne
547;13,9;-75,1;6,52;0,22;Negativno;Ne
548;5,8;-63,0;7,66;2,34;Negativno;Ne
549;12,0;-45,1;6,79;4,02;Negativno;Ne
550;5,5;-33,7;6,93;3,28;Negativno;Ne
551;1,4;-45,7;7,51;5,44;Negativno;Ne
552;1,3;-30,4;6,95;0,58;Negativno;Ne
553;5,9;-47,0;6,85;1,82;Negativno;Ne
554;4,9;-64,6;7,79;3,48;Negativno;Ne
555;8,2;-76,4;6,84;4,8;Negativno;Ne
556;2,0;-35,2;6,94;0,82;Pozitivno;Ne
557;12,2;-65,9;6,49;5,85;Negativno;Ne
558;2,8;-40,8;8,12;5,89;Negativno;Ne
559;13,0;-41,9;7,42;3,77;Negativno;Ne
560;7,8;-52,0;7,18;4,69;Negativno;Ne
561;11,3;-43,5;7,02;5,88;Negativno;Ne
562;12,1;-58,2;6,67;2,69;Negativno;Da
563;13,3;-51,8;7,57;3,84;Negativno;Ne
564;11,1;-14,7;6,66;4,076213876965043;Pozitivno;Da
565;5,0;-35,8;6,98;5,64;Negativno;Ne
566;14,0;-47,0;7,29;4,17;Pozitivno;Ne
567;7,1;-83,2;6,74;3,75;Negativno;Ne
568;11,1;-64,8;7,09;5,08;Negativno;Ne
569;3,1;-50,5;7,11;1,73;Negativno;Ne
570;11,4;-52,7;7,69;1,51;Negativno;Ne
571;9,3;-53,5;6,68;4,25;Negativno;Ne
572;7,8;-38,2;7,04;4,76;Negativno;Ne
573;1,2;-61,8;6,68;5,87;Negativno;Ne
574;4,6;-30,4;7,27;3,98;Negativno;Ne
575;4,5;-43,2;6,45;1,49;Negativno;Ne
576;0,8;-71,6;5,7;1,34;Negativno;Ne
577;11,3;-33,8;7,26;4,05;Negativno;Ne
578;13,0;-54,9;7,35;2,73;Negativno;Ne
579;5,1;-34,6;6,96;5,22;Negativno;Ne
580;1,0;-53,7;6,75;3,41;Negativno;Ne
581;2,6;-45,8;6,59;4,31;Negativno;Ne
582;6,9;-47,9;6,76;2,22;Pozitivno;Ne
583;4,6;-36,0;6,43;5,36;Negativno;Ne
584;6,5;-39,7;6,98;1,73;Negativno;Ne
585;1,9;-52,0;6,22;2,0;Negativno;Ne
586;6,6;-37,0;6,78;3,27;Negativno;Da
587;6,4;-40,6;6,93;3,51;Negativno;Ne
588;11,6;-27,3;7,25;1,52;Negativno;Ne
589;14,9;-55,9;7,38;1,77;Pozitivno;Ne
590;8,1;-59,8;6,4;3,64;Negativno;Ne
591;6,4;-50,6;6,56;5,24;Negativno;Ne
592;4,5;-69,4;7,03;5,95;Negativno;Ne
593;2,4;-73,1;7,18;5,61;Negativno;Ne
594;4,0;-55,2;6,37;5,31;Negativno;Ne
595;6,6;-77,9;8,02;1,52;Negativno;Ne
596;6,9;-20,3;6,65;2,36;Negativno;Ne
597;12,3;-60,5;6,37;4,89;Negativno;Ne
598;5,3;-41,8;6,88;3,18;Negativno;Ne
599;7,8;-58,4;7,1;1,59;Negativno;Ne
600;5,8;-52,3;7,58;3,22;Negativno;Ne
601;10,7;-20,2;6,13;0,71;Negativno;Ne
602;3,4;-45,0;7,81;1,8;Negativno;Ne
603;4,5;-44,4;6,77;5,66;Negativno;Ne
604;7,9;-84,4;6,45;5,92;Negativno;Ne
605;9,6;-48,7;7,4;2,69;Negativno;Ne
606;11,5;-84,6;7,05;4,09;Negativno;Ne
607;6,9;-66,4;6,54;1,57;Negativno;Ne
608;14,0;-64,5;6,31;0,57;Negativno;Ne
609;0,2;-61,1;6,81;0,23;Negativno;Ne
610;6,5;-30,7;7,01;4,63;Negativno;Ne
611;8,6;-35,4;6,38;3,25;Negativno;Ne
612;8,8;-60,0;6,42;4,85;Pozitivno;Ne
613;5,6;-64,3;6,97;0,7;Negativno;Ne
614;12,5;-51,5;6,87;3,35;Negativno;Ne
615;3,6;-57,5;7,18;5,51;Negativno;Ne
616;0,4;-18,8;6,62;1,22;Negativno;Ne
617;0,3;-45,2;6,43;4,64;Negativno;Ne
618;8,0;-47,6;7,32;1,97;Negativno;Ne
619;3,6;-50,7;6,89;4,08;Negativno;Ne
620;10,2;-15,6;5,85;8,876213876965043;Pozitivno;Da
621;15,0;-38,8;7,35;1,11;Negativno;Ne
622;10,6;-62,9;7,06;3,15;Negativno;Ne
623;7,2;-76,2;7,83;3,67;Negativno;Ne
624;5,1;-19,6;6,15;3,5;Negativno;Ne
625;6,1;-50,3;6,78;4,29;Negativno;Da
626;14,8;-43,2;6,83;3,55;Negativno;Ne
627;14,5;-35,6;7,11;1,56;Negativno;Ne
628;12,7;-33,8;7,54;3,45;Negativno;Ne
629;14,0;-73,6;6,51;0,33;Negativno;Ne
630;10,1;-39,0;7,27;1,53;Negativno;Ne
631;2,4;-41,8;6,6;5,91;Negativno;Ne
632;10,6;-42,9;7,54;1,04;Negativno;Ne
633;8,3;-56,4;7,79;1,25;Negativno;Ne
634;6,6;-70,0;7,0;1,71;Negativno;Ne
635;4,1;-63,4;7,02;0,76;Negativno;Ne
636;4,1;-43,0;7,99;3,54;Negativno;Ne
637;6,4;-59,3;6,78;3,49;Negativno;Ne
638;9,0;-59,7;7,4;5,25;Negativno;Ne
639;9,2;-78,1;7,42;1,87;Negativno;Ne
640;8,9;-53,3;6,93;1,86;Negativno;Ne
641;11,1;-45,1;7,05;3,43;Negativno;Ne
642;6,1;-38,5;7,45;5,95;Negativno;Ne
643;13,7;-72,4;7,54;1,5;Negativno;Ne
644;5,7;-34,1;7,0;3,22;Negativno;Ne
645;4,6;-44,7;7,2;3,59;Negativno;Ne
646;0,8;-62,1;7,02;4,21;Negativno;Ne
647;7,8;-55,9;7,69;2,47;Negativno;Ne
648;10,3;-29,0;7,46;0,12;Negativno;Ne
649;1,6;-53,1;7,76;0,69;Negativno;Ne
650;0,4;-50,8;6,9;4,94;Negativno;Ne
651;8,7;-47,5;6,14;3,5;Negativno;Ne
652;9,8;-11,7;7,0;5,77;Negativno;Da
653;0,5;-76,7;6,46;3,02;Negativno;Ne
654;14,1;-38,5;7,27;2,18;Negativno;Ne
655;2,5;-45,4;6,98;4,99;Negativno;Ne
656;4,4;-5,2;7,26;4,017775553032347;Pozitivno;Da
657;9,1;-49,9;7,5;1,72;Negativno;Ne
658;11,3;-57,3;7,04;3,05;Negativno;Ne
659;13,8;-40,8;6,59;0,36;Negativno;Ne
660;7,4;-45,0;6,4;0,74;Negativno;Ne
661;0,6;-51,9;6,38;2,13;Negativno;Ne
662;13,6;-32,2;6,02;3,54;Negativno;Ne
663;9,9;-44,3;7,08;1,98;Negativno;Ne
664;0,4;-71,9;7,19;4,42;Pozitivno;Ne
665;13,3;-40,6;7,36;3,55;Negativno;Ne
666;7,8;-47,6;6,52;5,11;Negativno;Ne
667;3,8;-40,2;6,92;2,69;Negativno;Ne
668;1,0;-87,8;7,4;3,84;Negativno;Ne
669;0,5;-57,4;7,01;5,8;Negativno;Ne
670;3,7;-50,6;6,79;3,99;Negativno;Ne
671;14,7;-57,2;7,04;2,44;Negativno;Ne
672;0,8;-41,9;6,6;0,71;Negativno;Da
673;7,2;-68,8;6,09;0,47;Negativno;Ne
674;1,7;-63,3;7,26;3,65;Negativno;Ne
675;6,0;-39,4;6,85;0,6;Negativno;Ne
676;11,3;-45,5;7,2;5,38;Negativno;Ne
677;6,5;-50,3;6,96;1,56;Negativno;Ne
678;10,1;-54,7;8,05;5,57;Negativno;Ne
679;1,4;-57,8;7,58;2,01;Pozitivno;Ne
680;4,1;-59,3;7,16;5,17;Negativno;Ne
681;1,9;-51,9;6,41;5,51;Negativno;Ne
682;5,7;-37,2;7,7;0,61;Negativno;Ne
683;5,4;-64,2;6,96;5,2;Negativno;Ne
684;4,5;-34,7;6,82;1,5;Negativno;Ne
685;14,7;-16,6;7,33;9,137775553032347;Pozitivno;Da
686;2,1;-47,3;6,18;5,08;Negativno;Ne
687;0,9;-66,3;6,23;4,6;Pozitivno;Ne
688;4,9;-48,7;7,39;3,83;Pozitivno;Ne
689;12,0;-58,7;6,61;3,76;Negativno;Ne
690;5,0;-48,6;6,48;5,66;Negativno;Ne
691;9,6;-46,9;7,48;2,64;Negativno;Ne
692;1,4;-25,2;6,7;0,92;Negativno;Ne
693;11,2;-27,5;7,37;5,48;Negativno;Ne
694;2,6;-30,2;6,42;2,78;Negativno;Ne
695;2,6;-56,3;7,35;3,77;Negativno;Ne
696;5,6;-46,4;6,84;1,2;Negativno;Ne
697;11,2;-19,8;5,98;5,18;Negativno;Da
698;7,7;-57,4;6,57;1,71;Negativno;Ne
699;11,1;-65,0;6,98;4,02;Negativno;Ne
700;1,5;-56,0;6,65;5,88;Negativno;Ne
701;11,7;-72,9;7,55;1,46;Pozitivno;Da
702;1,0;-33,1;7,58;5,98;Negativno;Ne
703;12,8;-68,8;6,26;5,16;Negativno;Ne
704;4,2;-22,1;6,28;2,72;Negativno;Ne
705;9,1;-9,3;7,68;4,366213876965043;Pozitivno;Da
706;3,8;-78,3;7,2;1,29;Negativno;Ne
707;7,7;-28,8;7,0;5,97;Negativno;Ne
708;0,6;-51,0;7,22;3,53;Negativno;Ne
709;5,0;-50,1;5,97;2,36;Negativno;Ne
710;8,2;-39,7;6,81;2,26;Negativno;Ne
711;11,5;-47,3;6,74;2,84;Negativno;Ne
712;8,7;-45,5;6,01;5,75;Negativno;Ne
713;6,4;-80,9;7,1;4,52;Negativno;Ne
714;8,9;-47,1;6,63;5,6;Negativno;Ne
715;11,4;-53,5;6,49;0,74;Negativno;Ne
716;5,6;-5,1;7,34;1,51;Negativno;Ne
717;2,7;-35,8;7,29;4,36;Negativno;Ne
718;4,3;-48,8;6,71;0,38;Negativno;Ne
719;2,5;-56,7;8,09;5,5;Pozitivno;Ne
720;0,7;-56,8;6,8;4,34;Negativno;Ne
721;8,8;-66,8;7,33;1,66;Pozitivno;Ne
722;13,7;-69,9;7,62;0,28;Negativno;Ne
723;12,8;-48,3;6,69;3,36;Negativno;Ne
724;8,9;-39,1;5,47;4,42;Negativno;Ne
725;0,4;-34,6;7,46;2,29;Negativno;Ne
726;12,9;-37,2;6,17;1,0;Negativno;Ne
727;0,3;-38,3;6,85;3,32;Negativno;Ne
728;0,5;-50,9;6,83;5,1;Negativno;Ne
729;3,1;-61,3;7,13;0,34;Negativno;Ne
730;9,6;-42,1;7,28;2,28;Negativno;Ne
731;4,3;-39,8;6,99;1,97;Negativno;Ne
732;6,4;-25,1;6,33;1,04;Negativno;Ne
733;12,9;-81,8;7,32;0,89;Negativno;Ne
734;14,8;-49,8;7,33;4,94;Negativno;Ne
735;5,7;-65,5;6,33;4,09;Negativno;Ne
736;6,2;-51,9;6,94;0,89;Negativno;Ne
737;1,5;-61,6;6,77;2,74;Negativno;Ne
738;2,6;-56,4;6,45;5,29;Negativno;Ne
739;9,8;-35,4;6,77;3,27;Pozitivno;Ne
740;8,0;-55,5;6,79;0,56;Negativno;Ne
741;5,6;-64,8;7,08;4,95;Negativno;Da
742;3,5;-38,9;7,02;5,96;Negativno;Ne
743;4,6;-42,6;6,45;1,33;Negativno;Ne
744;14,4;-49,6;7,32;2,97;Negativno;Ne
745;7,2;-46,0;7,07;0,57;Negativno;Ne
746;14,3;-61,3;7,16;2,97;Negativno;Ne
747;2,7;-82,9;6,82;2,68;Negativno;Ne
748;1,3;-51,1;7,41;1,99;Negativno;Ne
749;1,3;-51,0;6,61;1,78;Negativno;Ne
750;0,6;-64,6;7,62;0,76;Negativno;Ne
751;1,2;-47,3;6,55;4,19;Negativno;Ne
752;7,8;-43,9;7,38;3,31;Negativno;Ne
753;4,3;-29,0;7,4;3,61;Negativno;Ne
754;11,7;-62,7;7,64;4,27;Negativno;Ne
755;13,8;-43,6;7,48;1,09;Negativno;Ne
756;10,2;-49,4;7,57;4,94;Negativno;Ne
757;5,4;-38,0;6,91;1,93;Negativno;Ne
758;13,2;-49,7;6,31;2,02;Negativno;Ne
759;3,5;-60,3;7,18;2,48;Negativno;Ne
760;4,1;-56,0;7,57;5,78;Negativno;Ne
761;14,1;-48,5;6,74;3,39;Negativno;Ne
762;10,0;-58,3;6,62;1,07;Pozitivno;Ne
763;13,0;-69,6;7,7;3,96;Negativno;Ne
764;9,5;-41,2;6,64;3,45;Negativno;Ne
765;6,5;-39,1;7,04;1,58;Negativno;Ne
766;11,6;-46,6;6,14;2,4;Negativno;Ne
767;8,4;-46,2;6,81;0,78;Negativno;Ne
768;9,2;-39,5;6,74;3,44;Negativno;Ne
769;3,6;-56,7;7,03;2,73;Negativno;Ne
770;5,7;-71,8;7,18;1,85;Negativno;Ne
771;8,9;-55,6;7,51;0,24;Negativno;Ne
772;13,7;-62,5;7,6;1,84;Pozitivno;Ne
773;5,6;-37,0;6,7;1,39;Negativno;Ne
774;6,4;-51,5;6,9;1,18;Negativno;Ne
775;4,9;-56,5;7,67;1,2;Negativno;Ne
776;13,3;-57,8;6,48;5,49;Negativno;Ne
777;0,6;-38,9;6,93;3,43;Pozitivno;Ne
778;11,0;-22,9;7,8;3,07;Negativno;Ne
779;9,9;-68,8;6,46;2,9;Negativno;Ne
780;9,1;-40,4;6,88;5,25;Negativno;Ne
781;7,0;-49,5;6,99;2,03;Negativno;Ne
782;6,4;-43,6;7,31;5,81;Negativno;Ne
783;11,5;-66,4;6,95;2,23;Negativno;Ne
784;5,8;-55,3;6,08;3,71;Pozitivno;Ne
785;6,3;-30,1;7,27;4,94;Pozitivno;Da
786;4,8;-41,1;6,76;1,8;Negativno;Ne
787;4,1;-50,0;7,17;1,17;Negativno;Ne
788;4,2;-42,1;6,81;0,59;Negativno;Ne
789;7,7;-18,8;6,26;8,607775553032347;Pozitivno;Da
790;4,2;-44,2;5,86;4,13;Negativno;Ne
791;9,9;-51,2;7,66;5,69;Negativno;Ne
792;9,8;-17,1;6,35;3,76;Negativno;Ne
793;5,9;-6,8;7,03;7,437775553032347;Pozitivno;Da
794;7,9;-73,6;7,23;5,57;Negativno;Ne
795;5,8;-38,9;6,3;5,48;Negativno;Ne
796;14,4;-64,6;7,07;1,88;Negativno;Ne
797;4,0;-69,1;7,05;0,66;Negativno;Ne
798;12,2;-55,0;7,14;0,43;Negativno;Ne
799;1,5;-46,2;6,13;3,41;Negativno;Ne
800;4,9;-56,6;6,68;2,54;Negativno;Ne
801;12,1;-49,6;7,74;1,57;Negativno;Ne
802;10,3;-25,4;6,83;3,62;Negativno;Da
803;10,5;-34,6;7,02;0,34;Pozitivno;Ne
804;1,7;-66,5;6,92;1,43;Negativno;Ne
805;2,4;-65,8;6,2;2,32;Pozitivno;Ne
806;6,0;-67,7;6,55;5,47;Negativno;Ne
807;12,1;-79,0;6,72;3,99;Negativno;Ne
808;9,9;-47,0;7,38;2,78;Negativno;Ne
809;6,7;-26,7;6,98;1,11;Negativno;Ne
810;4,4;-58,4;7,03;0,39;Negativno;Ne
811;2,6;-48,4;7,11;3,2;Negativno;Ne
812;8,5;-101,2;7,16;1,2;Negativno;Ne
813;2,2;-63,7;6,97;3,39;Negativno;Ne
814;8,6;-57,1;6,6;2,11;Negativno;Ne
815;9,9;-22,8;7,45;1,43;Negativno;Ne
816;7,0;-37,9;6,98;5,29;Negativno;Ne
817;10,6;-35,4;6,44;5,52;Negativno;Ne
818;6,4;-46,7;6,93;2,82;Pozitivno;Ne
819;8,4;-14,3;6,37;7,036213876965043;Pozitivno;Da
820;5,0;-60,0;6,48;3,53;Negativno;Ne
821;13,5;-37,0;7,19;5,42;Negativno;Ne
822;9,7;-47,2;7,23;0,55;Negativno;Ne
823;1,4;-37,4;7,25;1,64;Pozitivno;Ne
824;3,5;-67,4;6,97;3,82;Negativno;Ne
825;2,9;-59,5;6,67;1,87;Negativno;Ne
826;10,5;-47,4;7,46;1,1;Negativno;Ne
827;0,5;-33,4;7,13;5,77;Negativno;Ne
828;14,0;-12,8;7,04;6,757775553032348;Pozitivno;Da
829;7,5;-34,2;7,39;1,51;Negativno;Ne
830;6,3;-31,3;7,6;5,17;Negativno;Ne
831;7,9;-52,1;6,82;3,94;Pozitivno;Ne
832;10,9;-59,4;7,32;1,21;Negativno;Ne
833;1,3;150,0;-2,0;2,73;Pozitivno;Ne
834;0,3;-60,6;7,51;4,64;Negativno;Ne
835;7,0;-56,3;7,08;2,89;Negativno;Ne
836;0,1;-31,2;6,59;0,3;Negativno;Ne
837;1,0;-61,7;6,66;1,94;Negativno;Ne
838;9,1;-63,8;6,55;1,69;Negativno;Ne
839;10,2;-37,5;6,89;4,95;Negativno;Da
840;1,4;-61,4;7,45;4,48;Negativno;Ne
841;11,9;-46,7;8,02;4,39;Negativno;Ne
842;7,3;-55,4;6,86;1,7;Pozitivno;Ne
843;12,0;-70,7;7,44;1,2;Negativno;Ne
844;12,8;-39,2;7,17;5,31;Negativno;Ne
845;0,3;-80,1;7,23;3,74;Negativno;Da
846;7,0;-6,8;6,53;3,9777755530323473;Pozitivno;Da
847;6,1;-59,8;7,33;4,89;Negativno;Ne
848;4,9;-55,5;7,8;5,21;Negativno;Ne
849;5,9;-60,9;7,36;2,52;Pozitivno;Ne
850;14,1;-60,3;6,57;1,78;Negativno;Ne
851;3,0;-50,8;6,27;5,44;Negativno;Da
852;14,9;-45,0;7,57;4,58;Negativno;Ne
853;1,0;-59,7;6,8;0,86;Negativno;Ne
854;9,3;-60,8;7,24;1,1;Pozitivno;Ne
855;6,6;-77,1;7,28;4,99;Negativno;Ne
856;13,3;-19,2;6,69;1,27;Negativno;Ne
857;8,6;-38,6;7,45;1,26;Negativno;Ne
858;11,3;-13,0;7,3;2,98;Negativno;Ne
859;5,9;-49,4;6,62;3,18;Negativno;Ne
860;11,1;-49,2;6,81;0,67;Negativno;Ne
861;11,2;-58,6;7,07;2,04;Negativno;Ne
862;5,8;-53,5;7,09;5,3;Negativno;Ne
863;14,1;-70,4;7,49;2,2;Negativno;Ne
864;12,8;-47,7;6,69;4,35;Negativno;Ne
865;11,4;-47,9;6,79;1,71;Negativno;Ne
866;3,7;-18,8;7,01;4,007775553032348;Pozitivno;Da
867;7,9;-36,4;6,85;1,93;Negativno;Ne
868;9,5;-31,8;6,52;1,28;Negativno;Ne
869;7,5;-23,7;7,57;0,4;Pozitivno;Ne
870;11,9;-39,1;7,53;5,55;Negativno;Da
871;7,7;-51,5;7,29;5,84;Pozitivno;Ne
872;6,2;-55,3;7,84;1,4;Negativno;Da
873;10,4;-58,8;6,25;1,38;Negativno;Ne
874;13,0;-60,9;6,3;0,55;Negativno;Ne
875;11,6;-59,7;7,49;2,08;Negativno;Ne
876;11,9;-27,9;8,14;4,65;Negativno;Ne
877;4,8;-43,8;7,09;5,81;Negativno;Ne
878;1,6;-37,9;7,11;5,53;Negativno;Ne
879;8,0;-59,6;7,08;3,9;Negativno;Ne
880;11,1;-44,1;6,42;3,92;Negativno;Ne
881;13,9;-37,2;7,23;2,97;Negativno;Ne
882;1,7;-25,7;6,69;1,13;Pozitivno;Ne
883;9,5;-36,6;6,34;3,6;Negativno;Ne
884;3,9;-52,3;7,02;2,46;Negativno;Ne
885;0,4;-71,9;7,04;4,59;Negativno;Ne
886;0,9;-50,1;6,51;3,01;Negativno;Ne
887;0,3;-42,4;7,75;4,55;Negativno;Ne
888;6,9;-63,5;6,35;0,61;Negativno;Ne
889;5,3;-64,9;7,01;2,39;Negativno;Ne
890;11,0;1,7;7,27;4,55;Pozitivno;Ne
891;8,5;-70,6;6,39;2,69;Negativno;Ne
892;11,6;-39,1;6,49;1,19;Pozitivno;Ne
893;13,1;-55,5;7,39;3,8;Negativno;Ne
894;2,5;-65,0;7,29;0,23;Negativno;Ne
895;14,4;-65,1;6,79;1,8;Negativno;Ne
896;12,3;-52,8;6,9;1,6;Negativno;Ne
897;2,1;-28,6;6,19;5,39;Pozitivno;Ne
898;14,2;-41,8;6,85;4,29;Negativno;Ne
899;2,1;-26,6;6,54;0,7;Negativno;Ne
900;8,5;-47,6;6,74;3,63;Negativno;Ne
901;8,6;-59,8;7,27;0,61;Negativno;Ne
902;9,7;-72,6;6,98;2,52;Negativno;Ne
903;12,2;-18,6;7,15;5,846213876965043;Pozitivno;Da
904;12,0;-48,9;6,29;1,9;Negativno;Ne
905;7,4;-54,0;7,62;2,63;Negativno;Ne
906;8,3;-81,4;6,77;1,87;Negativno;Ne
907;8,3;-91,7;6,6;0,69;Negativno;Ne
908;8,0;-66,2;7,28;1,78;Negativno;Ne
909;12,2;-77,2;6,53;3,05;Negativno;Ne
910;10,6;-73,6;6,8;1,46;Negativno;Ne
911;6,0;-55,9;6,74;4,35;Negativno;Ne
912;7,6;-60,6;7,24;5,72;Negativno;Ne
913;11,8;-58,2;7,49;3,06;Negativno;Ne
914;8,7;-67,6;6,66;3,2;Negativno;Ne
915;7,6;-51,3;6,77;3,14;Negativno;Ne
916;1,4;-55,5;6,76;0,73;Negativno;Da
917;7,2;-40,5;5,67;3,87;Negativno;Ne
918;8,1;-55,8;6,88;2,96;Negativno;Da
919;4,4;-36,7;6,96;2,23;Negativno;Ne
920;10,1;-52,6;6,8;1,03;Negativno;Ne
921;9,9;-45,5;7,05;2,34;Negativno;Ne
922;7,1;-51,9;6,87;5,56;Negativno;Ne
923;8,3;-60,3;6,96;3,1;Negativno;Ne
924;1,4;-47,2;7,56;0,56;Negativno;Ne
925;12,1;-75,9;7,23;5,02;Negativno;Ne
926;2,7;-63,7;7,37;5,15;Negativno;Ne
927;2,9;-45,8;6,97;0,83;Negativno;Ne
928;11,4;-79,0;7,95;0,92;Negativno;Ne
929;0,8;-57,2;7,18;2,23;Negativno;Ne
930;1,3;-36,1;7,06;0,43;Negativno;Ne
931;3,8;-64,9;7,59;0,84;Negativno;Ne
932;10,0;-56,3;7,09;3,91;Negativno;Ne
933;0,8;-36,0;6,85;3,27;Negativno;Ne
934;8,9;-53,6;6,96;4,02;Negativno;Ne
935;13,2;-57,2;6,88;4,43;Negativno;Ne
936;11,6;-36,1;8,19;5,57;Negativno;Ne
937;0,1;-52,1;7,32;4,47;Negativno;Ne
938;11,5;-52,4;6,95;4,62;Negativno;Ne
939;7,0;-45,2;6,81;3,45;Negativno;Ne
940;11,0;-54,6;6,64;5,42;Pozitivno;Ne
941;7,1;-72,6;6,17;1,72;Negativno;Ne
942;8,4;-39,0;7,15;1,75;Negativno;Ne
943;2,3;-53,4;6,87;3,98;Negativno;Ne
944;14,1;-37,5;6,89;5,92;Pozitivno;Ne
945;1,7;-20,0;6,67;0,86;Negativno;Ne
946;6,1;-28,7;7,05;0,58;Negativno;Ne
947;12,0;-66,7;7,32;5,14;Negativno;Ne
948;4,8;-52,6;7,04;0,71;Negativno;Ne
949;13,2;-5,5;6,58;8,056213876965042;Pozitivno;Da
950;11,8;-54,5;7,01;2,02;Negativno;Ne
951;1,1;-61,0;7,43;0,87;Negativno;Ne
952;6,6;-22,5;6,45;1,69;Negativno;Ne
953;11,0;-51,1;7,11;3,61;Negativno;Ne
954;6,5;-50,4;7,03;1,73;Negativno;Ne
955;0,2;-38,6;6,21;3,94;Negativno;Ne
956;1,2;-46,3;7,21;2,86;Negativno;Ne
957;2,2;-72,4;7,53;5,9;Negativno;Ne
958;10,2;-38,0;7,33;3,68;Negativno;Ne
959;14,2;-93,5;7,1;0,7;Negativno;Ne
960;1,9;-47,3;7,04;2,53;Negativno;Ne
961;10,8;-33,4;6,4;1,33;Negativno;Ne
962;5,4;-33,0;5,25;2,72;Negativno;Ne
963;3,1;-54,6;8,04;4,54;Negativno;Ne
964;3,7;-48,7;7,47;4,27;Negativno;Ne
965;13,5;-57,6;8,04;3,83;Negativno;Ne
966;6,1;-46,2;6,63;4,36;Pozitivno;Ne
967;6,1;-36,2;6,47;1,77;Negativno;Ne
968;9,4;-61,4;7,66;5,3;Negativno;Ne
969;14,4;-53,6;7,31;0,26;Negativno;Ne
970;11,4;-56,3;7,73;1,56;Negativno;Ne
971;5,0;-48,6;7,07;4,88;Negativno;Ne
972;0,3;-61,9;7,34;4,41;Negativno;Ne
973;2,3;-42,6;7,56;1,09;Negativno;Da
974;12,6;-44,1;6,57;0,29;Negativno;Ne
975;10,8;-20,4;7,05;5,66;Negativno;Ne
976;4,1;-43,6;6,66;1,41;Negativno;Ne
977;0,3;-58,8;7,42;5,25;Negativno;Ne
978;8,1;-50,7;6,7;4,42;Negativno;Da
979;4,3;-28,0;7,37;3,77;Negativno;Ne
980;1,8;-5,7;7,0;7,507775553032348;Pozitivno;Da
981;6,4;-65,2;6,65;0,4;Negativno;Ne
982;11,9;-41,9;7,92;2,99;Negativno;Ne
983;4,2;-40,2;6,8;5,79;Negativno;Ne
984;5,3;-47,7;6,92;1,63;Negativno;Ne
985;10,3;-57,9;7,0;4,27;Negativno;Ne
986;11,7;-58,4;6,78;4,55;Negativno;Ne
987;10,3;-51,8;6,67;0,45;Negativno;Ne
988;1,2;-60,9;6,02;3,3;Negativno;Ne
989;2,2;-25,6;7,2;3,29;Negativno;Ne
990;11,5;-42,3;6,91;2,5;Negativno;Ne
991;13,0;-47,2;7,29;4,12;Negativno;Ne
992;11,6;-32,7;7,2;0,35;Negativno;Ne
993;5,0;-18,1;7,57;9,257775553032348;Pozitivno;Da
994;0,6;-23,3;7,26;2,13;Negativno;Ne
995;0,6;-55,1;6,76;5,14;Negativno;Ne
996;8,7;-39,1;7,46;2,09;Negativno;Ne
997;7,4;-41,6;7,29;2,01;Negativno;Ne
998;8,5;-61,4;7,2;3,52;Negativno;Ne
999;10,1;-61,7;6,86;4,47;Pozitivno;Ne
1000;14,6;-63,6;6,52;3,49;Negativno;Ne
1001;9,4;-54,5;7,06;0,75;Negativno;Ne
1002;14,6;-79,2;6,33;0,71;Negativno;Ne
1003;5,4;-26,7;7,45;2,53;Negativno;Da
1004;1,7;-39,1;6,09;5,94;Negativno;Ne
1005;0,7;-36,7;7,03;0,49;Negativno;Ne
1006;5,1;-36,9;6,35;0,6;Negativno;Ne
1007;10,8;-34,4;6,32;4,35;Negativno;Ne
1008;11,2;-68,0;6,38;4,91;Negativno;Ne
1009;7,9;-40,8;6,98;5,46;Negativno;Ne
1010;9,6;-67,9;6,92;0,53;Negativno;Ne
1011;12,3;-78,5;6,57;5,17;Negativno;Ne
1012;7,6;-46,7;7,14;5,57;Negativno;Ne
1013;8,7;-49,0;7,14;2,07;Negativno;Ne
1014;12,4;-63,4;7,17;1,56;Negativno;Ne
1015;2,9;-54,3;6,99;2,97;Negativno;Ne
1016;13,8;-47,0;6,89;1,32;Negativno;Ne
1017;6,9;-79,9;6,64;3,58;Negativno;Ne
1018;4,2;-18,2;7,72;3,81;Negativno;Ne
1019;9,4;-57,8;6,46;5,04;Pozitivno;Ne
1020;6,3;-44,0;7,16;0,74;Negativno;Ne
1021;1,9;-42,4;6,61;5,83;Negativno;Ne
1022;6,7;-30,1;7,13;0,64;Negativno;Ne
1023;12,1;-72,0;6,85;1,12;Negativno;Ne
1024;11,0;-90,3;7,46;5,57;Negativno;Ne
1025;2,2;-22,9;6,79;4,49;Pozitivno;Ne
1026;10,0;-63,3;7,55;1,94;Negativno;Ne
1027;10,3;-38,0;6,97;3,41;Negativno;Ne
1028;10,8;-36,2;7,08;4,36;Pozitivno;Ne
1029;10,8;-64,0;7,26;3,65;Negativno;Ne
1030;12,1;-74,7;6,89;0,39;Negativno;Ne
1031;6,2;-42,2;7,56;3,0;Pozitivno;Ne
1032;8,7;-40,4;6,06;3,2;Negativno;Ne
1033;14,2;-40,0;6,68;4,25;Negativno;Ne
1034;5,8;-51,3;6,81;2,46;Pozitivno;Ne
1035;8,8;-37,9;6,92;0,96;Negativno;Ne
1036;13,4;-50,3;7,25;5,15;Negativno;Ne
1037;0,9;-94,0;7,45;4,93;Negativno;Ne
1038;10,2;-57,1;6,43;5,37;Negativno;Ne
1039;1,5;-56,7;6,71;3,97;Negativno;Ne
1040;5,2;-60,3;7,31;3,66;Negativno;Ne
1041;12,0;-22,3;7,43;4,73;Negativno;Ne
1042;10,6;-39,1;7,13;5,63;Negativno;Ne
1043;6,5;-42,4;6,3;2,67;Negativno;Ne
1044;10,1;-35,9;7,02;3,43;Negativno;Ne
1045;4,2;-56,4;6,82;0,92;Negativno;Ne
1046;3,6;-68,7;7,05;0,4;Negativno;Ne
1047;2,0;-58,8;7,39;2,61;Negativno;Ne
1048;2,3;-67,9;6,77;2,09;Negativno;Ne
1049;11,2;-19,3;7,16;0,43;Negativno;Ne
1050;7,0;-102,4;6,88;0,48;Negativno;Ne
1051;3,9;-13,1;6,88;4,2;Negativno;Ne
1052;8,7;-41,7;6,94;2,11;Negativno;Ne
1053;11,1;-52,3;7,6;5,86;Negativno;Ne
1054;0,6;-66,6;7,51;4,4;Negativno;Ne
1055;7,7;-61,0;6,57;0,46;Negativno;Ne
1056;14,2;-21,4;6,15;3,27;Negativno;Ne
1057;5,5;-60,3;7,45;0,42;Negativno;Ne
1058;13,5;-47,7;6,32;1,77;Negativno;Ne
1059;11,8;-45,1;6,85;2,64;Negativno;Ne
1060;2,6;-31,2;8,31;5,16;Negativno;Ne
1061;12,1;-17,6;6,36;6,9277755530323475;Pozitivno;Da
1062;8,6;-51,6;7,97;0,84;Pozitivno;Ne
1063;1,6;-64,9;7,11;2,4;Negativno;Ne
1064;0,6;-85,8;7,32;5,4;Negativno;Ne
1065;1,7;-71,7;6,55;4,54;Negativno;Ne
1066;2,6;-69,5;6,64;4,28;Negativno;Ne
1067;11,1;-37,9;7,65;2,47;Pozitivno;Ne
1068;6,8;-48,8;6,91;1,33;Negativno;Ne
1069;2,6;-50,5;7,25;0,44;Negativno;Ne
1070;7,6;-35,4;7,18;1,25;Negativno;Ne
1071;1,9;-60,7;6,74;3,13;Negativno;Ne
1072;12,4;-34,8;7,31;3,56;Negativno;Ne
1073;12,6;-46,5;6,92;2,64;Pozitivno;Ne
1074;1,4;-70,9;7,09;4,15;Negativno;Ne
1075;14,1;-32,0;6,94;2,57;Negativno;Ne
1076;0,2;-59,9;6,69;5,14;Negativno;Ne
1077;6,1;-38,4;6,71;4,84;Negativno;Da
1078;6,5;-5,7;6,67;5,6362138769650425;Pozitivno;Da
1079;3,8;-57,2;6,27;5,05;Negativno;Ne
1080;9,4;-51,0;7,13;3,67;Negativno;Ne
1081;13,3;-59,0;7,98;2,42;Negativno;Ne
1082;8,2;-20,1;7,02;5,01;Negativno;Ne
1083;2,9;-20,6;7,41;2,94;Negativno;Ne
1084;13,8;-50,6;5,57;4,53;Negativno;Ne
1085;11,9;-64,4;7,08;3,75;Negativno;Ne
1086;9,3;-66,6;7,04;2,35;Negativno;Ne
1087;6,0;-28,0;6,66;2,09;Pozitivno;Ne
1088;0,9;-10,9;6,86;5,337775553032348;Pozitivno;Da
1089;5,0;-45,5;7,0;4,14;Negativno;Ne
1090;13,1;-40,2;6,43;5,96;Negativno;Ne
1091;10,5;-68,2;6,46;3,96;Negativno;Ne
1092;3,5;-32,1;7,43;5,42;Negativno;Ne
1093;9,2;-76,5;6,89;3,71;Pozitivno;Ne
1094;9,0;-17,1;6,35;3,28;Negativno;Ne
1095;2,9;-11,8;6,78;4,14;Negativno;Ne
1096;3,7;-60,6;6,0;0,19;Negativno;Ne
1097;2,8;-72,1;7,55;2,91;Negativno;Ne
1098;11,2;-61,7;6,56;5,46;Negativno;Ne
1099;9,0;-18,8;7,52;8,526213876965043;Pozitivno;Da
1100;0,9;-45,8;7,37;4,59;Pozitivno;Ne
1101;7,0;-53,7;7,03;5,24;Negativno;Ne
1102;14,5;-19,3;6,59;8,226213876965042;Pozitivno;Da
1103;3,3;-58,5;7,19;3,79;Negativno;Ne
1104;1,2;-40,6;7,22;0,48;Negativno;Ne
1105;5,1;-47,8;7,22;0,79;Negativno;Ne
1106;2,2;-49,6;6,39;3,47;Negativno;Ne
1107;13,2;-39,4;7,11;4,75;Negativno;Ne
1108;3,7;-79,6;6,89;1,89;Pozitivno;Ne
1109;10,5;-36,5;6,5;5,22;Negativno;Ne
1110;2,9;-88,4;7,41;4,61;Negativno;Ne
1111;5,7;-15,7;7,11;8,347775553032347;Pozitivno;Da
1112;5,8;-17,4;6,36;0,76;Negativno;Ne
1113;12,9;-53,8;7,37;1,64;Negativno;Ne
1114;9,3;-10,9;7,14;3,85;Negativno;Ne
1115;2,3;-40,6;6,9;1,22;Negativno;Ne
1116;3,1;-44,4;7,25;5,96;Negativno;Ne
1117;2,5;-40,6;6,31;3,96;Negativno;Da
1118;1,0;-73,2;7,15;4,38;Negativno;Ne
1119;9,0;-30,5;6,93;4,93;Negativno;Da
1120;8,8;-50,0;7,92;4,4;Negativno;Ne
1121;13,2;-7,9;7,25;6,793531053577125;Pozitivno;Da
1122;12,0;-42,3;7,07;0,72;Negativno;Ne
1123;13,2;-39,9;7,75;5,39;Negativno;Ne
1124;1,9;-43,5;7,23;5,91;Negativno;Ne
1125;11,3;-59,7;6,9;4,77;Negativno;Ne
1126;1,6;-45,5;7,26;1,95;Negativno;Ne
1127;6,0;-58,1;6,95;5,57;Pozitivno;Ne
1128;0,4;-35,0;7,14;0,51;Negativno;Ne
1129;8,3;-60,5;7,14;3,01;Negativno;Ne
1130;5,1;-33,1;7,56;0,41;Negativno;Ne
1131;1,2;-61,9;7,59;5,83;Negativno;Ne
1132;14,6;-18,2;6,51;7,586213876965044;Pozitivno;Da
1133;12,7;-43,7;7,18;4,57;Negativno;Ne
1134;7,9;-64,2;7,35;3,1;Negativno;Ne
1135;7,8;-44,4;6,9;5,34;Negativno;Ne
1136;6,9;-63,0;5,83;2,54;Negativno;Ne
1137;1,8;-54,2;7,37;5,68;Negativno;Ne
1138;12,2;-5,6;6,99;9,747775553032348;Pozitivno;Da
1139;4,8;-79,6;7,76;5,55;Negativno;Ne
1140;9,0;-39,3;7,28;0,15;Negativno;Ne
1141;4,5;-42,0;6,5;3,94;Negativno;Da
1142;0,3;-31,9;6,44;3,69;Negativno;Ne
1143;0,6;-23,6;6,57;3,5;Negativno;Ne
1144;6,7;-46,2;7,17;4,25;Negativno;Ne
1145;11,0;-54,1;6,77;0,86;Negativno;Da
1146;1,8;-28,7;6,68;4,67;Negativno;Da
1147;9,8;-36,6;7,13;2,95;Negativno;Ne
1148;13,0;-41,2;6,88;2,15;Negativno;Ne
1149;5,5;150,0;-2,0;3,52;Pozitivno;Ne
1150;10,8;-47,7;7,13;3,61;Negativno;Ne
1151;1,0;-81,5;6,98;0,35;Negativno;Ne
1152;12,6;-53,7;6,6;4,22;Negativno;Ne
1153;4,7;-68,9;6,96;4,89;Negativno;Ne
1154;11,1;-94,4;5,86;4,13;Negativno;Ne
1155;1,3;-47,2;6,56;0,67;Negativno;Ne
1156;1,9;-57,0;7,03;3,98;Negativno;Ne
1157;9,5;-47,8;7,35;3,54;Negativno;Ne
1158;11,4;-42,8;7,37;3,94;Negativno;Ne
1159;0,8;-57,2;7,53;3,9;Negativno;Ne
1160;10,5;-32,1;6,43;2,96;Negativno;Ne
1161;8,1;-30,6;7,34;4,38;Negativno;Ne
1162;11,5;-48,7;7,11;3,39;Negativno;Ne
1163;3,4;-32,7;6,36;0,54;Negativno;Ne
1164;12,7;-52,6;7,14;4,55;Negativno;Ne
1165;5,4;-59,3;6,18;1,57;Negativno;Ne
1166;7,3;-57,7;6,66;1,98;Negativno;Ne
1167;13,0;-48,3;6,53;0,72;Negativno;Ne
1168;10,6;-15,7;6,08;7,027775553032347;Pozitivno;Da
1169;7,0;-52,2;6,7;4,01;Negativno;Ne
1170;1,8;-26,0;6,56;1,37;Negativno;Ne
1171;6,8;-36,6;7,14;5,11;Negativno;Ne
1172;4,2;-40,4;6,47;4,34;Negativno;Ne
1173;3,4;-46,2;7,06;0,15;Negativno;Ne
1174;14,0;-42,3;7,03;3,47;Negativno;Ne
1175;4,4;-52,3;6,98;5,21;Negativno;Ne
1176;6,9;-11,5;7,11;5,89;Negativno;Ne
1177;0,1;-42,2;8,42;4,92;Negativno;Ne
1178;1,5;-64,4;5,87;0,24;Negativno;Ne
1179;3,7;-49,1;6,95;5,62;Negativno;Da
1180;8,6;-55,9;6,75;2,42;Negativno;Ne
1181;0,5;-38,8;6,4;3,57;Negativno;Ne
1182;7,4;-53,2;6,92;0,54;Negativno;Ne
1183;11,6;-51,8;7,4;1,71;Negativno;Da
1184;5,1;-47,1;6,43;3,99;Negativno;Ne
1185;5,4;-27,7;6,86;0,85;Negativno;Ne
1186;5,5;-31,7;7,28;1,6;Negativno;Ne
1187;0,2;-68,7;7,55;4,07;Negativno;Ne
1188;4,2;-58,1;7,99;3,05;Negativno;Ne
1189;7,1;-30,5;6,58;0,99;Negativno;Ne
1190;10,2;-71,4;6,59;4,24;Pozitivno;Ne
1191;4,8;-74,3;6,03;5,26;Negativno;Ne
1192;2,0;-65,4;6,33;2,05;Negativno;Ne
1193;13,2;-79,8;6,21;4,87;Negativno;Ne
1194;7,9;-45,0;5,77;3,41;Negativno;Ne
1195;12,7;-46,5;6,3;2,96;Negativno;Ne
1196;8,5;-37,0;7,03;4,22;Negativno;Da
1197;14,5;-17,6;7,0;3,94;Negativno;Ne
1198;8,8;-63,8;7,08;0,95;Pozitivno;Ne
1199;14,7;-37,0;6,59;3,51;Pozitivno;Ne
1200;6,6;-49,0;7,08;1,12;Negativno;Ne
1201;12,1;-63,7;7,13;4,93;Negativno;Ne
1202;6,8;-57,0;6,93;2,12;Negativno;Da
1203;10,7;-52,0;6,07;1,71;Negativno;Ne
1204;6,8;-54,6;7,37;3,41;Negativno;Ne
1205;14,0;-25,8;6,73;3,39;Negativno;Ne
1206;5,7;-52,2;6,33;2,67;Pozitivno;Ne
1207;14,4;-41,7;7,05;0,29;Negativno;Ne
1208;0,5;-58,7;7,49;2,9;Negativno;Ne
1209;2,5;-75,3;7,36;4,29;Negativno;Ne
1210;9,2;-27,7;7,05;5,22;Negativno;Ne
1211;8,5;-50,4;7,11;4,13;Negativno;Ne
1212;2,0;-45,3;6,77;1,0;Negativno;Ne
1213;12,4;-14,8;7,74;3,9177755530323473;Pozitivno;Da
1214;5,2;-54,3;7,43;0,24;Negativno;Ne
1215;0,4;-65,7;5,95;0,25;Negativno;Da
1216;3,1;-49,4;6,99;5,45;Negativno;Ne
1217;5,6;-51,6;6,74;1,55;Negativno;Ne
1218;8,4;-56,4;7,56;2,44;Negativno;Da
1219;9,2;-51,9;7,69;3,42;Negativno;Ne
1220;2,7;-35,7;6,79;5,65;Negativno;Ne
1221;13,3;-52,4;6,85;4,38;Negativno;Ne
1222;1,0;-38,5;7,16;0,18;Negativno;Ne
1223;9,7;-58,4;6,61;2,88;Negativno;Ne
1224;4,9;-55,0;6,81;1,34;Pozitivno;Ne
1225;12,4;-32,9;7,03;1,91;Negativno;Ne
1226;11,0;-44,8;7,21;0,42;Negativno;Ne
1227;7,2;-48,0;7,98;1,6;Negativno;Ne
1228;1,2;-52,5;6,95;5,71;Pozitivno;Ne
1229;11,8;-46,2;7,31;5,87;Pozitivno;Ne
1230;1,0;-84,3;7,12;3,08;Negativno;Ne
1231;8,9;-54,3;6,73;1,29;Negativno;Ne
1232;8,0;-21,1;7,28;3,85;Negativno;Ne
1233;12,9;-46,7;7,42;5,74;Negativno;Ne
1234;3,0;-41,1;6,92;0,7;Pozitivno;Ne
1235;14,2;-72,5;7,0;4,62;Negativno;Ne
1236;2,2;-32,1;6,82;4,48;Negativno;Ne
1237;1,1;-45,6;6,26;5,26;Negativno;Ne
1238;9,2;-64,4;6,7;4,02;Pozitivno;Ne
1239;8,7;-58,4;6,79;3,63;Negativno;Ne
1240;0,9;-40,9;7,19;1,54;Negativno;Ne
1241;10,3;-52,9;7,03;4,6;Negativno;Ne
1242;11,9;-62,2;7,59;3,77;Negativno;Ne
1243;8,2;-39,5;7,49;2,26;Negativno;Ne
1244;1,9;-56,1;6,85;5,63;Pozitivno;Ne
1245;12,9;-78,8;7,33;3,53;Negativno;Da
1246;11,0;-54,4;7,61;2,2;Negativno;Ne
1247;1,4;-51,3;6,24;1,39;Negativno;Ne
1248;3,5;-39,0;6,33;1,46;Pozitivno;Ne
1249;7,8;-55,3;6,69;4,6;Negativno;Ne
1250;0,2;-38,4;7,04;1,72;Negativno;Ne
1251;5,0;-54,6;6,54;0,29;Negativno;Ne
1252;14,2;-72,8;7,21;1,3;Negativno;Ne
1253;13,9;-45,4;7,13;1,48;Negativno;Ne
1254;7,6;-29,0;6,37;1,09;Negativno;Ne
1255;9,4;-61,0;7,53;3,88;Negativno;Ne
1256;9,6;-49,5;6,3;3,09;Negativno;Ne
1257;5,5;-45,1;6,06;1,61;Negativno;Da
1258;12,6;-39,3;7,18;2,09;Negativno;Ne
1259;1,2;-32,1;6,62;2,13;Negativno;Ne
1260;10,5;-51,3;5,43;2,52;Negativno;Ne
1261;1,5;-50,3;7,12;1,59;Negativno;Ne
1262;6,2;-53,6;7,26;3,52;Negativno;Ne
1263;3,3;-70,5;6,91;0,93;Negativno;Da
1264;10,8;-57,3;7,41;4,71;Negativno;Ne
1265;11,5;-36,1;7,59;4,41;Negativno;Ne
1266;3,7;-75,4;6,3;5,61;Negativno;Ne
1267;7,2;-60,7;7,18;3,1;Negativno;Ne
1268;8,5;-69,1;7,49;2,23;Negativno;Ne
1269;9,7;-49,8;6,85;5,96;Negativno;Ne
1270;1,6;-33,6;7,35;3,19;Negativno;Ne
1271;6,2;-64,7;7,14;1,97;Pozitivno;Ne
1272;10,0;-36,9;7,11;2,76;Negativno;Ne
1273;2,5;150,0;-2,0;0,56;Pozitivno;Ne
1274;14,5;-55,5;8,02;0,17;Negativno;Ne
1275;11,9;-56,3;7,74;2,63;Negativno;Ne
1276;6,0;-35,3;7,17;0,25;Negativno;Ne
1277;6,3;-42,5;7,21;3,16;Negativno;Ne
1278;10,3;-33,4;6,7;1,92;Negativno;Ne
1279;7,0;-66,0;5,8;0,12;Negativno;Ne
1280;11,1;-42,3;7,86;4,52;Negativno;Ne
1281;10,5;-55,0;6,57;3,33;Negativno;Ne
1282;13,1;-57,1;7,29;1,23;Negativno;Ne
1283;4,1;-38,1;7,3;3,71;Negativno;Ne
1284;13,2;-67,8;6,69;2,59;Negativno;Ne
1285;3,2;-38,6;6,56;4,93;Negativno;Da
1286;5,7;-39,2;7,74;1,9;Negativno;Ne
1287;1,1;-82,6;6,57;2,76;Negativno;Ne
1288;9,7;-65,1;7,64;1,82;Negativno;Ne
1289;13,9;-51,1;7,21;3,87;Negativno;Ne
1290;1,8;-53,8;7,18;5,03;Negativno;Ne
1291;8,5;-42,8;6,77;1,4;Negativno;Ne
1292;5,7;-44,6;6,63;5,8;Negativno;Ne
1293;13,5;-78,3;7,24;0,67;Negativno;Ne
1294;3,0;-56,3;7,2;2,17;Negativno;Ne
1295;3,6;-52,8;7,5;2,32;Negativno;Ne
1296;5,9;-26,1;7,3;2,63;Negativno;Ne
1297;12,7;-47,9;6,81;2,19;Negativno;Ne
1298;3,3;-56,5;7,13;2,51;Negativno;Ne
1299;10,9;-69,1;7,69;0,17;Negativno;Ne
1300;3,5;-72,2;6,64;5,43;Negativno;Ne
1301;13,9;-57,4;6,92;0,57;Negativno;Ne
1302;1,4;-46,5;7,07;5,73;Negativno;Da
1303;13,3;-18,1;6,42;2,28;Negativno;Ne
1304;4,0;-53,1;7,23;1,11;Negativno;Ne
1305;12,5;-65,9;7,97;5,86;Negativno;Ne
1306;12,7;-69,4;7,21;5,48;Negativno;Ne
1307;9,3;-16,3;8,04;0,5;Negativno;Ne
1308;5,7;-59,5;6,93;2,84;Negativno;Ne
1309;1,2;-41,0;7,09;4,19;Negativno;Da
1310;14,2;-28,3;7,07;2,0;Negativno;Da
1311;12,8;-15,2;7,25;4,687775553032347;Pozitivno;Da
1312;10,0;-24,8;7,2;2,85;Negativno;Ne
1313;10,7;-67,3;6,84;1,71;Negativno;Ne
1314;7,4;-72,1;7,48;0,18;Negativno;Ne
1315;10,5;-49,0;6,91;2,95;Negativno;Ne
1316;10,8;-69,6;6,45;3,8;Pozitivno;Ne
1317;7,5;-32,0;6,78;1,71;Negativno;Ne
1318;5,4;-14,3;6,38;7,696213876965043;Pozitivno;Da
1319;2,5;-62,1;7,53;3,7;Negativno;Ne
1320;13,6;-42,8;7,3;2,72;Negativno;Ne
1321;4,8;-71,0;7,19;2,72;Negativno;Ne
1322;11,4;-54,2;7,27;5,1;Negativno;Ne
1323;6,7;-46,5;6,94;2,8;Negativno;Ne
1324;6,2;-61,7;6,42;5,63;Negativno;Ne
1325;4,9;-73,4;7,09;5,46;Negativno;Ne
1326;12,8;-50,2;6,58;4,65;Pozitivno;Ne
1327;14,9;-38,2;7,46;3,57;Pozitivno;Ne
1328;3,1;-44,7;7,59;1,11;Negativno;Ne
1329;7,4;-23,5;6,63;4,6;Negativno;Ne
1330;4,0;-59,1;6,25;4,76;Negativno;Ne
1331;6,7;-54,5;8,08;2,0;Negativno;Ne
1332;0,6;-64,0;6,86;0,36;Negativno;Ne
1333;13,0;-70,9;7,94;0,96;Negativno;Ne
1334;3,5;-57,0;6,97;4,64;Negativno;Ne
1335;12,1;-48,2;7,28;0,53;Negativno;Ne
1336;3,6;-13,7;7,36;5,356213876965043;Pozitivno;Da
1337;7,1;-62,6;6,68;1,12;Negativno;Ne
1338;13,2;-65,0;7,01;4,76;Negativno;Ne
1339;6,2;-12,2;7,06;6,676213876965043;Pozitivno;Da
1340;8,9;-56,2;5,82;2,27;Negativno;Ne
1341;4,8;-60,7;6,32;5,19;Negativno;Da
1342;8,4;-60,1;6,12;1,95;Negativno;Ne
1343;3,9;-35,4;6,14;1,76;Pozitivno;Ne
1344;4,1;-49,0;6,31;1,27;Negativno;Ne
1345;7,4;-50,2;7,26;1,03;Negativno;Ne
1346;3,4;-60,3;7,33;2,91;Negativno;Da
1347;11,6;-13,6;5,9;7,987775553032348;Pozitivno;Da
1348;3,8;-52,1;7,27;3,12;Pozitivno;Ne
1349;8,4;-66,6;7,71;1,43;Negativno;Ne
1350;0,4;-17,4;7,8;4,997775553032347;Pozitivno;Da
1351;12,1;-64,5;6,78;0,5;Negativno;Ne
1352;0,8;-58,5;7,64;0,47;Negativno;Ne
1353;13,0;-39,0;6,32;5,77;Pozitivno;Ne
1354;11,6;-61,1;7,1;3,31;Negativno;Ne
1355;8,0;-47,8;7,22;0,96;Pozitivno;Ne
1356;14,1;-48,6;7,35;2,84;Negativno;Ne
1357;14,6;-69,7;7,18;3,24;Negativno;Ne
1358;1,6;-52,8;6,97;2,07;Negativno;Ne
1359;6,7;-46,2;7,16;2,81;Negativno;Ne
1360;13,4;-7,4;7,28;8,326213876965044;Pozitivno;Da
1361;1,0;-53,4;7,66;1,59;Negativno;Ne
1362;10,6;-23,5;6,61;0,68;Negativno;Ne
1363;4,3;-56,9;6,38;3,8;Negativno;Ne
1364;11,2;-81,4;6,74;1,85;Negativno;Ne
1365;3,7;-46,9;7,44;4,41;Negativno;Ne
1366;2,4;-37,6;7,2;3,66;Negativno;Ne
1367;0,2;-46,1;7,02;0,98;Negativno;Ne
1368;12,3;-39,4;7,05;4,75;Negativno;Ne
1369;3,9;-46,3;7,88;3,79;Negativno;Ne
1370;3,7;-45,6;7,07;2,9;Negativno;Ne
1371;5,5;-61,4;6,94;5,37;Negativno;Ne
1372;11,8;-42,5;6,77;1,38;Negativno;Ne
1373;1,0;-49,7;7,27;5,94;Negativno;Ne
1374;13,5;-54,0;7,47;5,01;Negativno;Ne
1375;14,3;-62,5;7,04;2,33;Negativno;Da
1376;1,7;-55,9;7,55;2,08;Negativno;Da
1377;13,1;-54,1;7,09;2,34;Negativno;Da
1378;14,4;-74,1;6,92;2,92;Negativno;Ne
1379;9,8;-48,3;7,12;2,14;Negativno;Ne
1380;3,6;-10,9;7,07;0,17;Negativno;Ne
1381;0,4;-53,6;6,37;2,52;Negativno;Ne
1382;0,3;-51,4;7,43;5,94;Negativno;Ne
1383;3,2;-51,8;7,14;1,72;Negativno;Ne
1384;13,8;-60,0;6,53;1,43;Negativno;Ne
1385;13,6;-56,9;6,19;5,77;Negativno;Ne
1386;8,4;-60,7;7,12;1,2;Negativno;Ne
1387;4,7;-45,8;7,26;2,07;Negativno;Ne
1388;15,0;-13,2;7,37;4,867775553032347;Pozitivno;Da
1389;2,1;-51,8;6,63;1,31;Negativno;Ne
1390;6,9;-55,8;7,57;5,31;Negativno;Ne
1391;5,6;-27,5;6,45;3,73;Negativno;Ne
1392;0,8;-60,7;7,09;5,96;Negativno;Ne
1393;6,5;-41,3;7,45;5,97;Negativno;Ne
1394;6,3;-54,7;7,27;1,66;Negativno;Ne
1395;1,6;-54,4;6,86;0,19;Negativno;Ne
1396;10,4;-43,4;6,55;3,01;Pozitivno;Ne
1397;14,1;-65,8;6,53;1,7;Negativno;Ne
1398;3,0;-37,8;6,96;2,38;Negativno;Ne
1399;7,6;-31,4;6,87;4,96;Negativno;Ne
1400;13,6;-36,9;7,07;0,25;Negativno;Ne
1401;6,9;-9,0;7,16;1,01;Negativno;Ne
1402;1,3;-58,1;6,41;0,3;Negativno;Ne
1403;11,3;-68,7;6,61;1,33;Pozitivno;Ne
1404;6,9;-58,5;7,05;5,0;Negativno;Ne
1405;4,4;-57,2;7,24;2,87;Negativno;Ne
1406;6,6;-44,8;6,89;0,82;Negativno;Ne
1407;2,0;-43,8;7,43;3,31;Pozitivno;Ne
1408;9,4;-41,2;7,16;4,2;Negativno;Ne
1409;6,5;-32,4;5,62;1,31;Negativno;Ne
1410;12,7;-37,5;6,76;2,67;Negativno;Ne
1411;5,3;-66,4;7,08;0,74;Negativno;Ne
1412;10,4;-56,4;6,82;4,67;Negativno;Ne
1413;3,4;-49,5;6,44;3,9;Negativno;Ne
1414;13,6;-50,3;6,98;0,64;Negativno;Da
1415;5,4;-44,9;7,24;3,53;Negativno;Ne
1416;10,7;-44,6;6,77;3,15;Negativno;Ne
1417;4,2;-69,1;5,83;4,6;Negativno;Ne
1418;12,2;-40,9;6,43;4,85;Negativno;Ne
1419;4,8;-53,9;7,18;5,24;Negativno;Ne
1420;5,8;-59,1;6,37;0,19;Negativno;Ne
1421;10,0;-39,9;6,98;5,94;Negativno;Ne
1422;7,4;-43,4;6,19;1,41;Negativno;Ne
1423;5,1;-75,9;6,73;3,03;Negativno;Ne
1424;6,3;-32,3;6,2;1,28;Negativno;Ne
1425;11,5;-43,1;6,75;2,11;Negativno;Ne
1426;7,0;-49,8;6,45;5,13;Negativno;Ne
1427;4,4;-51,4;6,66;1,97;Negativno;Ne
1428;6,4;-51,5;6,98;4,18;Negativno;Ne
1429;1,6;-46,0;7,06;5,88;Negativno;Ne
1430;9,2;-31,4;7,04;2,28;Negativno;Ne
1431;2,6;-5,3;7,3;5,546213876965043;Pozitivno;Da
1432;5,5;-37,8;6,98;3,1;Negativno;Ne
1433;2,5;-55,5;6,56;5,66;Pozitivno;Ne
1434;2,6;-60,0;5,99;5,6;Pozitivno;Ne
1435;6,6;-68,4;7,18;0,16;Negativno;Ne
1436;0,9;-54,2;7,18;4,11;Negativno;Ne
1437;8,0;-66,4;6,65;0,84;Negativno;Ne
1438;1,6;-8,4;5,71;9,456213876965043;Pozitivno;Da
1439;9,7;-46,5;6,76;5,03;Pozitivno;Ne
1440;11,3;-36,5;6,51;1,39;Negativno;Ne
1441;4,2;-18,3;7,57;9,397775553032346;Pozitivno;Da
1442;1,2;-38,0;7,7;1,41;Negativno;Ne
1443;14,1;-20,1;8,14;4,0;Negativno;Ne
1444;10,0;-15,9;6,96;2,29;Negativno;Ne
1445;8,7;-64,7;6,28;4,72;Negativno;Ne
1446;14,1;-27,0;6,7;4,41;Negativno;Ne
1447;13,3;-41,3;7,97;3,53;Negativno;Ne
1448;2,8;-36,0;7,47;3,45;Negativno;Ne
1449;3,8;-64,2;6,74;0,71;Negativno;Da
1450;6,6;-31,8;7,0;0,31;Negativno;Ne
1451;11,8;-50,8;5,61;4,95;Pozitivno;Ne
1452;9,0;-63,7;7,43;2,8;Negativno;Ne
1453;4,2;-28,1;7,12;5,33;Negativno;Ne
1454;3,6;-61,6;6,54;1,17;Negativno;Ne
1455;9,1;-41,9;6,88;0,69;Negativno;Ne
1456;1,5;-50,4;6,37;2,71;Negativno;Ne
1457;2,9;-35,5;6,91;1,54;Negativno;Ne
1458;1,9;-39,2;6,33;3,12;Negativno;Ne
1459;3,4;-56,7;6,33;2,06;Negativno;Ne
1460;3,5;-57,9;6,34;4,03;Negativno;Ne
1461;3,9;-30,2;7,45;3,89;Negativno;Ne
1462;5,4;-42,0;7,21;4,83;Negativno;Ne
1463;6,4;-59,8;6,92;3,79;Negativno;Ne
1464;12,1;-74,0;6,8;0,2;Negativno;Ne
1465;3,9;-41,3;7,65;2,36;Negativno;Ne
1466;7,3;-56,7;6,2;0,83;Negativno;Ne
1467;14,4;-58,8;6,89;3,53;Negativno;Ne
1468;7,2;-10,2;7,18;5,0062138769650435;Pozitivno;Da
1469;2,6;-39,9;7,58;5,93;Negativno;Ne
1470;13,2;-50,9;6,29;2,14;Negativno;Ne
1471;1,1;-40,5;6,65;4,72;Negativno;Ne
1472;12,8;-21,7;6,76;0,3;Negativno;Ne
1473;6,3;-60,4;7,73;5,91;Pozitivno;Ne
1474;3,9;-54,2;6,92;0,52;Negativno;Ne
1475;8,1;-28,0;6,35;4,94;Negativno;Da
1476;10,7;-41,7;5,8;4,71;Negativno;Ne
1477;5,9;-57,8;6,37;4,49;Negativno;Ne
1478;7,1;-69,3;6,95;1,99;Negativno;Ne
1479;9,6;-46,0;6,26;2,1;Negativno;Ne
1480;0,3;-45,2;6,96;1,05;Pozitivno;Ne
1481;4,0;-57,1;6,44;4,69;Negativno;Ne
1482;10,4;-31,5;6,4;1,39;Negativno;Ne
1483;3,3;-63,9;7,28;5,95;Negativno;Ne
1484;9,4;-50,3;6,79;0,6;Negativno;Ne
1485;5,1;-62,5;6,54;0,52;Negativno;Ne
1486;6,6;-72,0;8,01;2,08;Negativno;Ne
1487;12,5;-51,7;7,15;0,98;Pozitivno;Ne
1488;5,7;-74,1;6,95;4,9;Negativno;Da
1489;2,9;-65,6;6,09;0,15;Negativno;Ne
1490;6,6;-23,5;6,89;2,66;Negativno;Ne
1491;14,4;-59,7;7,74;0,82;Negativno;Ne
1492;10,5;-55,0;6,71;3,54;Negativno;Ne
1493;3,2;-12,5;6,89;3,28;Negativno;Ne
1494;13,4;-47,4;7,02;0,41;Negativno;Ne
1495;12,0;-17,0;6,95;4,213531053577125;Pozitivno;Da
1496;4,0;-34,3;6,49;4,69;Negativno;Ne
1497;1,5;-31,0;7,05;5,3;Negativno;Ne
1498;8,7;-38,9;6,93;5,68;Negativno;Ne
1499;14,2;-60,4;6,07;3,56;Negativno;Ne
1500;6,8;-29,8;7,1;2,11;Negativno;Ne
1501;12,0;-36,5;7,36;2,94;Negativno;Ne
1502;5,5;-56,9;6,36;5,35;Negativno;Ne
1503;11,5;-51,9;6,84;4,9;Negativno;Ne
1504;2,3;-44,2;6,74;1,6;Negativno;Ne
1505;12,9;-48,8;7,25;4,23;Negativno;Ne
1506;1,7;-72,6;7,32;3,39;Negativno;Ne
1507;3,1;-44,7;7,42;4,2;Negativno;Ne
1508;1,5;-43,8;6,18;2,88;Negativno;Ne
1509;1,7;-45,5;7,03;3,62;Pozitivno;Ne
1510;6,7;-38,4;6,93;3,55;Negativno;Ne
1511;7,9;-67,0;7,31;1,87;Negativno;Ne
1512;10,9;-43,3;7,31;3,2;Negativno;Ne
1513;9,7;-25,3;6,76;2,63;Negativno;Ne
1514;2,3;-38,5;8,05;4,96;Negativno;Ne
1515;4,2;-77,2;6,67;3,35;Pozitivno;Ne
1516;10,6;-51,6;6,73;1,99;Negativno;Da
1517;3,0;-31,7;6,22;4,71;Negativno;Ne
1518;4,8;-53,6;7,99;6,0;Negativno;Ne
1519;13,7;-48,2;6,37;3,21;Negativno;Ne
1520;10,8;-41,3;6,34;4,86;Negativno;Ne
1521;4,9;-33,5;7,63;3,99;Negativno;Ne
1522;11,6;-42,0;5,98;1,19;Negativno;Ne
1523;5,5;-50,7;7,21;0,64;Negativno;Ne
1524;2,5;-44,8;6,13;1,18;Negativno;Ne
1525;9,9;-55,0;6,64;5,23;Negativno;Ne
1526;8,0;-35,8;6,87;2,54;Negativno;Ne
1527;0,6;-44,6;6,41;2,07;Negativno;Ne
1528;0,5;-5,6;6,68;5,546213876965043;Pozitivno;Da
1529;11,5;-56,7;6,54;4,22;Negativno;Ne
1530;1,3;-42,6;6,33;4,25;Negativno;Ne
1531;9,6;-30,2;7,76;1,5;Negativno;Ne
1532;1,5;-42,8;7,58;1,96;Negativno;Ne
1533;13,3;-31,0;6,35;0,74;Negativno;Ne
1534;8,4;-30,6;8,07;1,65;Negativno;Ne
1535;6,1;-52,7;7,25;0,2;Negativno;Ne
1536;13,9;-35,7;7,21;5,02;Negativno;Ne
1537;6,9;-24,7;7,22;0,61;Negativno;Ne
1538;1,6;-51,5;6,42;3,79;Negativno;Ne
1539;7,4;-11,5;7,99;5,44;Negativno;Ne
1540;3,6;-35,2;7,33;3,73;Negativno;Ne
1541;13,9;-51,9;6,68;4,02;Negativno;Ne
1542;9,5;-63,4;7,05;3,33;Negativno;Ne
1543;7,8;-64,0;6,35;3,71;Negativno;Ne
1544;9,1;-70,7;8,08;1,39;Negativno;Ne
1545;6,7;-30,1;7,21;3,95;Negativno;Ne
1546;0,7;-44,7;7,61;5,06;Negativno;Ne
1547;7,3;-45,6;6,44;3,72;Pozitivno;Ne
1548;9,8;-49,3;7,18;3,38;Negativno;Ne
1549;2,0;-51,0;6,95;0,66;Negativno;Ne
1550;7,6;-61,1;7,34;4,13;Negativno;Ne
1551;10,8;-50,2;6,48;0,65;Negativno;Ne
1552;2,9;-55,0;7,16;1,06;Negativno;Ne
1553;6,4;-38,7;7,45;0,44;Negativno;Ne
1554;0,3;-65,2;7,1;5,36;Negativno;Ne
1555;14,1;-9,3;7,11;5,646213876965043;Pozitivno;Da
1556;12,5;-37,1;6,94;3,62;Negativno;Ne
1557;4,2;-66,6;7,79;3,11;Negativno;Ne
1558;1,4;-46,9;6,74;1,28;Negativno;Ne
1559;0,2;-57,5;7,48;4,95;Negativno;Ne
1560;4,7;-39,3;6,76;1,94;Negativno;Ne
1561;14,6;-20,5;5,91;4,99;Pozitivno;Ne
1562;7,0;-94,0;7,24;3,07;Negativno;Ne
1563;3,4;-48,2;7,14;1,97;Negativno;Ne
1564;3,3;-44,1;7,31;0,86;Negativno;Ne
1565;12,5;-34,4;7,47;1,84;Negativno;Ne
1566;7,2;-44,8;7,48;5,25;Negativno;Ne
1567;14,6;-66,6;7,72;2,28;Negativno;Ne
1568;11,8;-48,9;6,89;4,46;Negativno;Ne
1569;2,4;-53,9;7,26;5,13;Negativno;Ne
1570;4,2;-49,0;6,28;4,83;Negativno;Ne
1571;6,0;-29,2;7,64;1,28;Negativno;Ne
1572;10,4;-68,5;7,0;0,35;Negativno;Ne
1573;7,4;-32,5;7,24;4,4;Negativno;Ne
1574;12,4;-73,3;7,23;1,73;Negativno;Ne
1575;8,2;-32,0;7,34;4,12;Negativno;Ne
1576;11,7;-52,8;6,72;3,78;Negativno;Ne
1577;2,2;-50,4;6,68;3,77;Negativno;Ne
1578;5,8;-37,8;7,29;4,59;Negativno;Ne
1579;5,9;-44,8;7,2;1,7;Negativno;Ne
1580;6,1;-43,7;7,28;0,78;Negativno;Ne
1581;14,0;-60,6;8,49;1,99;Negativno;Ne
1582;8,3;-50,3;7,75;1,67;Negativno;Ne
1583;8,9;-63,9;7,22;5,83;Negativno;Ne
1584;8,6;150,0;-2,0;4,73;Pozitivno;Ne
1585;9,2;-35,4;6,22;0,59;Negativno;Ne
1586;0,5;-47,3;7,31;2,83;Pozitivno;Ne
1587;13,3;-41,8;7,22;5,02;Pozitivno;Ne
1588;7,6;-50,4;6,31;1,81;Negativno;Da
1589;11,8;-33,5;6,99;5,56;Negativno;Ne
1590;10,2;-61,2;7,05;3,17;Negativno;Ne
1591;6,7;-55,1;6,2;4,48;Negativno;Ne
1592;9,2;-53,6;7,63;3,78;Negativno;Ne
1593;13,8;-54,9;7,1;4,18;Negativno;Ne
1594;10,6;-44,9;7,32;4,37;Negativno;Ne
1595;8,4;-46,2;7,74;1,67;Negativno;Ne
1596;5,2;-26,3;6,8;0,78;Negativno;Ne
1597;2,7;-81,6;6,81;3,76;Negativno;Ne
1598;12,6;-67,9;6,98;2,14;Pozitivno;Ne
1599;3,8;-46,1;6,69;3,31;Negativno;Ne
1600;11,6;-67,0;7,0;0,54;Negativno;Ne
1601;3,9;-56,5;7,62;2,82;Negativno;Ne
1602;4,4;-60,9;6,9;2,29;Negativno;Ne
1603;14,7;-64,3;7,51;2,11;Negativno;Ne
1604;5,5;-50,0;7,37;0,32;Negativno;Ne
1605;1,7;-29,6;6,23;1,79;Negativno;Ne
1606;6,6;-82,1;7,55;5,24;Negativno;Da
1607;2,9;-67,2;6,26;2,14;Negativno;Ne
1608;9,6;-27,0;7,76;3,11;Negativno;Ne
1609;10,6;-40,7;7,21;2,21;Negativno;Ne
1610;8,2;-46,2;6,75;1,01;Pozitivno;Ne
1611;1,9;-45,4;7,9;1,23;Negativno;Da
1612;4,7;-57,5;6,74;4,53;Negativno;Ne
1613;9,8;-33,1;7,11;0,34;Negativno;Ne
1614;7,5;-48,1;7,02;5,14;Negativno;Ne
1615;13,7;-68,9;6,88;3,41;Negativno;Ne
1616;9,6;-65,2;6,61;2,52;Negativno;Ne
1617;8,2;-21,7;7,12;3,29;Negativno;Ne
1618;7,8;-68,8;6,95;1,59;Negativno;Da
1619;9,1;-53,8;7,64;4,81;Negativno;Ne
1620;10,2;-56,8;6,81;3,89;Negativno;Ne
1621;7,0;-62,6;7,56;1,45;Negativno;Ne
1622;8,6;-57,2;7,05;1,8;Negativno;Ne
1623;14,5;-39,2;7,66;2,17;Negativno;Ne
1624;14,2;-41,2;7,36;3,86;Negativno;Ne
1625;12,8;-43,7;7,25;2,98;Negativno;Ne
1626;12,9;-67,2;7,11;0,88;Negativno;Ne
1627;12,3;-81,5;6,84;2,19;Negativno;Ne
1628;9,6;-45,1;6,93;1,07;Negativno;Ne
1629;4,1;-59,2;7,29;5,11;Negativno;Ne
1630;2,5;-41,2;6,53;3,15;Negativno;Ne
1631;4,7;-42,2;6,46;4,29;Negativno;Ne
1632;9,6;-50,9;8,33;0,36;Negativno;Ne
1633;6,4;-65,6;7,76;2,37;Negativno;Ne
1634;12,9;-73,5;7,38;4,86;Pozitivno;Ne
1635;10,2;-51,7;7,48;0,2;Negativno;Ne
1636;2,2;-37,5;7,04;0,65;Negativno;Ne
1637;4,2;-30,2;6,76;2,06;Negativno;Ne
1638;6,7;-53,9;8,05;2,91;Negativno;Ne
1639;9,5;-33,3;7,22;1,47;Negativno;Ne
1640;12,4;-54,9;6,91;0,92;Negativno;Ne
1641;13,9;-62,3;6,48;4,73;Negativno;Ne
1642;7,2;-33,1;6,76;0,51;Negativno;Ne
1643;13,2;-27,5;6,9;1,33;Negativno;Ne
1644;0,4;-31,0;6,1;4,3;Negativno;Ne
1645;1,1;-59,8;7,22;1,58;Negativno;Ne
1646;4,7;-40,6;7,28;3,22;Negativno;Ne
1647;6,1;-40,7;6,78;1,1;Negativno;Ne
1648;0,9;-34,1;6,67;5,02;Negativno;Ne
1649;13,9;-41,3;7,58;5,11;Negativno;Ne
1650;0,8;-70,3;6,61;3,73;Negativno;Ne
1651;9,7;-44,3;7,06;0,49;Negativno;Ne
1652;14,4;-86,6;6,91;5,65;Negativno;Ne
1653;0,2;-83,1;6,93;5,26;Negativno;Ne
1654;7,7;-16,7;6,76;9,757775553032348;Pozitivno;Da
1655;13,6;-26,4;6,88;5,43;Negativno;Ne
1656;9,3;-36,7;6,17;4,44;Negativno;Ne
1657;7,6;-46,9;5,92;2,83;Pozitivno;Ne
1658;13,7;-42,5;6,71;2,22;Negativno;Ne
1659;12,5;-66,1;6,73;0,94;Negativno;Ne
1660;11,3;-47,9;7,06;0,67;Negativno;Ne
1661;5,9;-47,1;5,87;3,83;Negativno;Ne
1662;3,5;-56,5;6,77;1,2;Negativno;Ne
1663;7,9;-42,5;8,05;5,06;Pozitivno;Ne
1664;9,4;-36,8;7,16;1,6;Negativno;Ne
1665;1,0;-43,4;6,8;1,7;Negativno;Da
1666;2,1;-59,4;6,33;3,54;Negativno;Ne
1667;4,5;-47,4;6,15;0,36;Negativno;Ne
1668;7,5;-89,4;6,21;4,64;Negativno;Ne
1669;10,1;-58,4;6,73;5,83;Pozitivno;Ne
1670;9,8;-45,4;7,4;1,05;Negativno;Ne
1671;1,1;-76,5;6,42;5,7;Pozitivno;Ne
1672;7,5;-45,5;7,59;2,13;Negativno;Ne
1673;6,7;-51,5;7,99;4,44;Negativno;Ne
1674;9,7;-29,4;7,71;3,41;Pozitivno;Ne
1675;1,1;-46,9;6,44;1,49;Negativno;Ne
1676;8,7;-52,6;6,47;1,49;Negativno;Ne
1677;1,0;-46,2;7,65;3,14;Negativno;Ne
1678;10,1;-58,3;6,53;4,82;Negativno;Ne
1679;5,2;-50,6;6,05;5,93;Negativno;Ne
1680;8,7;-53,0;7,88;1,81;Negativno;Ne
1681;0,6;-67,5;7,09;4,35;Negativno;Ne
1682;4,1;-14,8;6,02;4,817775553032347;Pozitivno;Da
1683;2,4;-62,3;6,15;2,97;Negativno;Ne
1684;14,4;-39,8;6,73;3,31;Negativno;Da
1685;11,2;-53,4;7,58;3,75;Negativno;Ne
1686;2,8;-7,3;7,85;4,136213876965043;Pozitivno;Da
1687;3,6;-43,3;6,57;3,13;Negativno;Ne
1688;2,5;-59,1;7,38;4,01;Pozitivno;Ne
1689;4,6;-48,8;6,37;2,99;Negativno;Ne
1690;5,3;-81,7;6,2;5,01;Negativno;Ne
1691;11,0;-30,5;6,99;0,8;Negativno;Ne
1692;11,3;-58,5;6,74;1,65;Negativno;Ne
1693;12,8;-39,9;7,66;5,78;Negativno;Ne
1694;2,2;-33,0;7,74;3,89;Negativno;Ne
1695;4,7;-17,7;6,35;2,72;Negativno;Ne
1696;2,3;-70,2;6,83;3,68;Negativno;Ne
1697;7,4;-70,4;6,12;0,74;Negativno;Ne
1698;6,2;-61,9;7,37;3,11;Negativno;Ne
1699;8,8;-52,4;5,94;5,95;Negativno;Ne
1700;5,1;-36,0;6,71;0,24;Negativno;Ne
1701;12,8;-26,7;7,04;4,52;Pozitivno;Ne
1702;4,0;-49,8;6,72;1,8;Negativno;Ne
1703;0,6;-63,2;6,0;0,9;Negativno;Da
1704;5,3;-40,2;6,61;5,0;Negativno;Ne
1705;4,5;-42,1;6,98;1,67;Negativno;Ne
1706;11,7;-61,4;6,72;0,91;Negativno;Ne
1707;0,7;-59,8;7,38;2,95;Negativno;Ne
1708;3,3;-46,1;7,7;1,45;Negativno;Ne
1709;0,2;-56,0;7,63;1,78;Pozitivno;Ne
1710;7,5;-8,5;6,96;8,957775553032347;Pozitivno;Da
1711;2,2;-34,9;7,22;4,98;Negativno;Ne
1712;1,7;-34,9;6,37;3,5;Pozitivno;Ne
1713;0,1;-71,5;7,1;3,97;Negativno;Ne
1714;14,2;-50,4;7,23;1,03;Negativno;Da
1715;8,0;-43,8;7,15;4,73;Negativno;Ne
1716;12,9;-63,6;7,85;2,79;Negativno;Ne
1717;5,5;-39,5;7,11;1,14;Negativno;Ne
1718;14,6;-26,4;6,68;1,86;Negativno;Ne
1719;14,3;-52,1;7,62;0,99;Negativno;Ne
1720;11,3;-43,6;7,76;3,24;Negativno;Ne
1721;6,7;-36,2;7,91;1,82;Negativno;Ne
1722;2,0;-24,3;7,29;1,77;Negativno;Ne
1723;3,4;-35,1;6,46;5,3;Negativno;Ne
1724;13,3;-50,7;7,37;5,5;Negativno;Ne
1725;14,0;-67,8;6,73;0,88;Negativno;Ne
1726;11,7;-48,4;7,08;0,17;Negativno;Ne
1727;9,0;-27,5;6,99;0,25;Negativno;Ne
1728;8,3;-70,3;7,22;4,17;Negativno;Ne
1729;2,3;-44,4;6,16;1,2;Negativno;Ne
1730;11,1;-37,6;6,21;4,25;Negativno;Ne
1731;1,9;-31,3;6,24;3,29;Negativno;Da
1732;12,6;-36,1;6,87;0,45;Negativno;Ne
1733;13,7;-53,2;7,37;5,36;Negativno;Ne
1734;10,1;-50,4;8,27;3,62;Negativno;Ne
1735;8,6;-39,2;7,6;3,87;Negativno;Ne
1736;0,7;-61,2;7,01;0,55;Negativno;Ne
1737;10,0;-28,7;6,32;2,64;Negativno;Ne
1738;5,4;-52,2;6,8;1,79;Negativno;Ne
1739;14,8;-45,9;7,05;1,43;Negativno;Ne
1740;14,6;-69,3;6,41;1,99;Negativno;Ne
1741;1,9;-64,2;7,91;3,09;Negativno;Ne
1742;3,7;-10,1;7,12;5,296213876965043;Pozitivno;Da
1743;4,7;-22,6;6,89;5,6;Negativno;Ne
1744;9,2;-37,1;7,53;5,16;Pozitivno;Da
1745;11,4;-50,9;7,47;3,6;Negativno;Ne
1746;4,9;-48,3;7,05;1,43;Negativno;Ne
1747;6,5;-43,1;7,52;3,78;Negativno;Ne
1748;0,2;-43,9;6,0;2,81;Negativno;Ne
1749;2,8;-37,6;6,86;3,74;Pozitivno;Ne
1750;10,4;-51,2;7,34;2,6;Negativno;Ne
1751;13,7;-58,2;7,23;0,68;Negativno;Ne
1752;2,4;-57,0;8,15;5,59;Negativno;Ne
1753;10,4;-52,8;7,83;4,91;Pozitivno;Ne
1754;1,8;-43,0;8,13;4,54;Negativno;Ne
1755;14,0;-50,1;7,25;0,57;Negativno;Ne
1756;1,0;-47,7;7,55;2,25;Negativno;Ne
1757;0,6;-31,9;6,52;4,42;Negativno;Ne
1758;9,8;-43,9;8,24;4,01;Negativno;Ne
1759;6,8;-40,5;6,41;3,24;Pozitivno;Ne
1760;12,5;-41,3;7,93;1,05;Negativno;Ne
1761;7,7;-46,1;7,19;1,53;Negativno;Ne
1762;2,2;-54,2;7,19;5,07;Negativno;Ne
1763;14,3;-43,8;7,32;5,65;Negativno;Ne
1764;0,2;-73,7;6,73;0,69;Negativno;Ne
1765;8,0;-70,3;7,16;1,9;Negativno;Ne
1766;13,7;-85,7;8,11;2,67;Negativno;Ne
1767;5,8;-62,7;6,9;4,4;Negativno;Ne
1768;1,8;-49,9;7,55;4,28;Negativno;Ne
1769;7,3;-50,2;6,82;0,8;Negativno;Ne
1770;6,6;-65,1;7,02;5,28;Negativno;Ne
1771;5,5;-52,2;6,3;5,8;Pozitivno;Ne
1772;9,6;-57,7;6,14;2,66;Negativno;Ne
1773;8,2;-53,6;7,25;0,29;Negativno;Ne
1774;11,1;-50,4;6,1;2,52;Negativno;Ne
1775;11,3;-48,8;7,4;1,41;Pozitivno;Ne
1776;2,5;-49,3;6,8;2,9;Negativno;Ne
1777;2,0;-59,9;6,63;3,29;Negativno;Da
1778;8,2;-37,9;6,58;4,73;Negativno;Ne
1779;1,8;-39,1;7,15;1,46;Negativno;Ne
1780;12,0;-36,9;6,65;2,6;Negativno;Ne
1781;4,3;-42,4;6,75;3,34;Negativno;Ne
1782;1,2;-55,1;7,05;1,87;Negativno;Ne
1783;9,7;-47,2;6,71;1,08;Negativno;Ne
1784;4,2;-45,5;5,63;0,46;Negativno;Ne
1785;4,6;-49,5;6,6;0,23;Negativno;Ne
1786;9,2;-45,2;6,07;5,9;Negativno;Ne
1787;13,8;-35,9;7,32;4,98;Negativno;Ne
1788;4,7;-24,6;6,59;3,12;Negativno;Da
1789;8,9;-77,6;6,92;4,23;Negativno;Ne
1790;9,4;-28,5;6,68;3,24;Negativno;Ne
1791;7,6;-30,6;7,16;4,96;Negativno;Ne
1792;5,4;-36,7;7,25;0,35;Negativno;Ne
1793;8,9;-35,8;6,8;3,79;Negativno;Ne
1794;5,5;-57,4;6,98;2,18;Negativno;Da
1795;8,5;-50,3;7,14;2,29;Negativno;Ne
1796;12,1;-69,5;6,5;3,79;Negativno;Ne
1797;13,5;-34,1;7,35;3,55;Negativno;Ne
1798;1,9;-34,4;6,83;3,12;Negativno;Ne
1799;13,1;-45,7;7,29;1,41;Negativno;Ne
1800;6,5;-38,8;6,6;0,81;Negativno;Ne
1801;6,5;-32,0;6,6;0,81;Negativno;Ne
1802;1,5;-66,9;7,35;2,29;Negativno;Ne
1803;7,4;-52,8;8,03;0,19;Negativno;Ne
1804;0,7;-70,0;7,02;0,75;Negativno;Ne
1805;5,9;-56,0;6,61;5,91;Negativno;Ne
1806;1,4;-45,1;6,69;2,01;Pozitivno;Ne
1807;9,8;-67,7;7,16;3,71;Negativno;Ne
1808;0,1;-34,4;7,13;4,15;Negativno;Da
1809;13,9;-35,1;6,36;3,09;Negativno;Ne
1810;7,5;-68,3;7,14;4,92;Negativno;Ne
1811;12,6;-69,4;7,69;4,1;Negativno;Ne
1812;5,5;-43,1;6,07;4,35;Negativno;Ne
1813;0,1;-58,5;7,09;4,81;Negativno;Ne
1814;11,6;-38,1;7,19;3,13;Negativno;Ne
1815;5,1;-59,4;6,52;4,75;Negativno;Ne
1816;0,4;-62,6;7,83;2,71;Negativno;Ne
1817;1,9;-45,4;6,57;1,43;Negativno;Ne
1818;8,3;-55,7;6,98;0,95;Negativno;Ne
1819;4,9;-61,7;5,92;2,95;Negativno;Ne
1820;11,4;-51,6;5,88;0,17;Pozitivno;Ne
1821;9,9;-9,6;6,85;8,973531053577124;Pozitivno;Da
1822;4,9;-73,0;6,63;2,26;Negativno;Da
1823;5,1;-60,3;7,11;4,15;Pozitivno;Ne
1824;11,6;-42,1;7,62;2,15;Negativno;Ne
1825;11,2;-62,9;6,38;3,68;Negativno;Ne
1826;4,7;-73,9;8,42;3,17;Negativno;Ne
1827;0,3;-43,3;7,41;3,5;Negativno;Ne
1828;10,1;-39,6;7,0;4,36;Negativno;Ne
1829;7,3;-44,1;7,0;4,95;Negativno;Ne
1830;11,2;-37,1;6,88;3,08;Negativno;Ne
1831;14,5;-59,8;7,43;2,25;Negativno;Ne
1832;8,8;-60,6;7,22;3,91;Negativno;Ne
1833;2,7;-40,2;6,69;3,39;Negativno;Ne
1834;3,8;-44,5;7,24;0,29;Negativno;Ne
1835;1,4;-23,6;7,42;5,48;Negativno;Ne
1836;8,7;-42,5;6,95;2,21;Negativno;Ne
1837;12,9;-56,8;7,36;4,72;Negativno;Ne
1838;8,2;-50,4;6,55;1,26;Negativno;Ne
1839;12,2;-64,4;6,14;4,86;Negativno;Ne
1840;5,3;-46,2;6,62;3,25;Negativno;Ne
1841;12,9;-47,8;6,5;5,06;Negativno;Ne
1842;12,3;-41,3;7,05;5,8;Negativno;Ne
1843;7,3;-55,3;6,9;3,43;Negativno;Ne
1844;5,3;-65,2;6,87;2,13;Negativno;Ne
1845;5,5;-38,7;7,03;4,9;Negativno;Ne
1846;5,0;-38,4;6,85;5,58;Negativno;Ne
1847;2,0;-10,8;6,87;7,703531053577125;Pozitivno;Da
1848;4,3;-55,2;5,98;3,46;Negativno;Ne
1849;7,7;-36,8;7,53;0,6;Negativno;Ne
1850;10,2;-66,1;6,77;0,27;Pozitivno;Ne
1851;4,5;-45,1;7,64;3,38;Negativno;Ne
1852;14,9;-61,0;6,8;2,05;Negativno;Ne
1853;12,4;-6,7;7,14;6,617775553032347;Pozitivno;Da
1854;9,5;-20,2;7,06;3,4;Negativno;Ne
1855;5,9;-26,2;7,08;1,51;Negativno;Da
1856;6,1;-38,8;6,57;5,48;Negativno;Ne
1857;14,5;-36,3;6,88;0,85;Negativno;Ne
1858;4,6;-40,0;7,04;0,59;Negativno;Ne
1859;4,2;-64,9;6,8;4,1;Pozitivno;Ne
1860;3,5;-9,3;7,63;8,957775553032347;Pozitivno;Da
1861;5,6;-62,8;7,53;0,72;Negativno;Ne
1862;14,7;-38,7;7,76;2,19;Negativno;Ne
1863;0,1;-81,3;6,84;2,25;Negativno;Ne
1864;10,5;-58,3;6,81;5,15;Negativno;Ne
1865;4,4;-65,2;6,41;2,73;Negativno;Ne
1866;9,4;-39,4;7,29;1,16;Negativno;Ne
1867;4,0;-47,2;7,2;0,31;Negativno;Ne
1868;10,8;-72,0;7,59;0,13;Negativno;Ne
1869;8,5;-40,3;7,18;1,79;Negativno;Ne
1870;3,7;-60,3;7,32;3,88;Negativno;Ne
1871;7,5;-42,3;6,67;1,36;Negativno;Ne
1872;7,9;-69,5;7,06;3,99;Pozitivno;Ne
1873;10,4;-63,0;8,2;4,38;Pozitivno;Ne
1874;4,0;-45,4;7,65;3,63;Negativno;Ne
1875;5,8;-49,5;5,93;3,8;Negativno;Ne
1876;1,1;-48,6;7,17;2,95;Negativno;Ne
1877;0,6;-20,0;7,09;1,62;Negativno;Da
1878;9,2;150,0;-2,0;1,51;Pozitivno;Da
1879;13,0;-45,5;7,05;2,19;Negativno;Ne
1880;14,6;-43,6;7,58;0,75;Negativno;Ne
1881;1,3;-39,7;7,23;4,77;Negativno;Ne
1882;14,9;-9,4;6,88;5,53;Negativno;Ne
1883;4,4;-39,5;7,72;0,57;Negativno;Ne
1884;2,2;-57,7;6,99;5,47;Negativno;Ne
1885;4,1;-41,0;7,16;4,72;Negativno;Ne
1886;13,3;-52,8;6,97;0,63;Negativno;Ne
1887;14,0;-43,3;7,29;3,67;Negativno;Da
1888;12,3;-69,7;6,67;4,12;Negativno;Ne
1889;5,2;-33,7;7,55;5,35;Negativno;Ne
1890;12,0;-55,6;6,62;1,6;Negativno;Ne
1891;6,3;-73,8;6,71;2,21;Negativno;Ne
1892;4,0;-93,5;7,24;0,64;Negativno;Ne
1893;12,1;-42,5;7,46;1,9;Negativno;Ne
1894;14,3;-34,5;6,76;4,54;Negativno;Ne
1895;13,7;-49,9;6,77;2,33;Negativno;Ne
1896;9,3;-46,3;7,82;3,39;Negativno;Ne
1897;12,1;-56,9;6,31;3,3;Negativno;Ne
1898;6,8;-65,1;6,73;1,41;Negativno;Ne
1899;5,6;-55,7;7,18;0,75;Pozitivno;Ne
1900;6,5;-74,2;7,09;5,79;Negativno;Ne
1901;5,5;-70,2;7,41;5,99;Negativno;Ne
1902;3,6;-44,6;7,01;3,81;Negativno;Ne
1903;1,1;-23,9;6,28;5,89;Negativno;Ne
1904;8,5;-45,9;7,94;0,16;Negativno;Ne
1905;8,0;-49,9;6,93;2,62;Negativno;Ne
1906;9,2;-8,8;7,3;7,277775553032347;Pozitivno;Da
1907;5,9;-59,0;6,61;2,9;Negativno;Ne
1908;2,2;-21,1;6,9;3,76;Negativno;Ne
1909;14,4;-40,7;6,7;0,92;Negativno;Ne
1910;12,3;-50,5;9,25;3,28;Negativno;Ne
1911;5,1;-36,8;6,98;5,68;Negativno;Ne
1912;2,2;-42,3;6,93;5,19;Negativno;Ne
1913;9,8;-56,0;7,21;0,3;Negativno;Ne
1914;0,4;-45,2;6,81;3,14;Negativno;Ne
1915;8,7;-65,5;7,1;2,76;Negativno;Ne
1916;6,9;-25,3;7,22;1,16;Negativno;Ne
1917;10,1;-67,8;6,77;1,71;Negativno;Ne
1918;4,0;-49,4;6,65;1,88;Pozitivno;Ne
1919;2,3;-32,4;7,31;4,42;Negativno;Ne
1920;13,9;-50,5;7,27;5,98;Negativno;Ne
1921;14,6;-19,3;8,29;8,137775553032347;Pozitivno;Da
1922;5,4;-53,1;7,41;0,63;Negativno;Ne
1923;7,3;-39,8;7,45;5,52;Negativno;Ne
1924;0,3;-44,0;6,39;2,82;Negativno;Da
1925;7,3;-66,0;7,04;5,11;Negativno;Ne
1926;2,1;-51,1;6,64;3,28;Negativno;Ne
1927;11,0;-78,6;7,22;2,29;Negativno;Ne
1928;0,6;-25,0;7,01;3,33;Pozitivno;Ne
1929;0,9;-54,5;6,39;1,04;Negativno;Ne
1930;12,1;-53,4;6,39;2,76;Negativno;Da
1931;6,2;-42,8;6,81;3,93;Negativno;Ne
1932;2,9;-72,8;7,2;4,86;Negativno;Ne
1933;1,6;-85,6;6,25;2,84;Negativno;Ne
1934;11,0;-12,7;5,71;4,707775553032347;Pozitivno;Da
1935;6,9;-41,0;5,86;1,84;Negativno;Ne
1936;5,7;-70,0;6,41;1,62;Negativno;Ne
1937;7,0;-74,3;7,17;3,16;Negativno;Ne
1938;9,8;-18,5;7,6;9,606213876965043;Pozitivno;Da
1939;9,2;-56,8;7,17;5,41;Pozitivno;Ne
1940;9,7;-59,4;8,22;4,03;Negativno;Ne
1941;6,4;-23,3;7,24;4,33;Negativno;Ne
1942;7,9;-25,9;7,75;2,12;Pozitivno;Ne
1943;10,9;-57,8;7,75;0,53;Negativno;Ne
1944;14,5;-21,1;6,48;4,29;Negativno;Ne
1945;14,3;-59,5;6,99;3,12;Negativno;Ne
1946;10,9;-32,9;7,32;1,2;Negativno;Ne
1947;12,8;-67,8;7,08;0,2;Negativno;Ne
1948;9,7;-38,4;6,99;0,37;Negativno;Ne
1949;12,2;-69,5;6,73;5,07;Negativno;Ne
1950;5,2;-11,2;7,78;9,507775553032348;Pozitivno;Da
1951;10,6;-58,1;7,4;2,24;Negativno;Ne
1952;5,6;-51,8;8,12;5,04;Negativno;Ne
1953;10,8;-68,7;6,95;5,58;Negativno;Ne
1954;11,3;-13,5;6,03;6,4277755530323475;Pozitivno;Da
1955;10,4;-34,9;6,65;0,33;Negativno;Da
1956;5,4;-74,0;7,24;0,65;Negativno;Ne
1957;1,1;-79,4;6,51;4,98;Pozitivno;Ne
1958;3,4;-47,7;6,97;0,61;Negativno;Da
1959;11,1;-40,3;6,82;1,02;Negativno;Ne
1960;6,1;-72,2;7,21;5,31;Negativno;Ne
1961;7,1;-43,6;7,01;4,19;Negativno;Ne
1962;1,3;-56,3;6,68;4,62;Negativno;Ne
1963;13,0;-50,6;6,83;4,65;Negativno;Da
1964;3,5;-20,0;6,41;2,85;Negativno;Ne
1965;4,7;-75,1;7,15;1,85;Negativno;Ne
1966;9,4;-52,2;6,81;3,28;Negativno;Ne
1967;2,1;-39,4;6,28;3,0;Negativno;Ne
1968;9,7;-43,5;6,87;2,66;Negativno;Ne
1969;4,2;-57,1;6,64;4,55;Negativno;Ne
1970;2,7;-39,8;7,07;0,26;Negativno;Ne
1971;5,5;-45,7;7,05;4,08;Negativno;Ne
1972;11,2;-45,2;5,99;1,79;Pozitivno;Ne
1973;2,6;-47,3;7,21;4,1;Negativno;Ne
1974;6,5;-53,8;6,99;3,9;Negativno;Ne
1975;11,2;-31,6;7,21;2,04;Negativno;Ne
1976;7,1;-84,8;6,62;1,31;Negativno;Ne
1977;13,8;-61,4;6,32;1,74;Negativno;Da
1978;8,5;-35,4;7,48;4,16;Negativno;Ne
1979;13,7;-5,2;7,15;7,036213876965043;Pozitivno;Da
1980;7,2;-58,2;6,59;3,78;Negativno;Ne
1981;1,0;-41,2;6,45;1,95;Negativno;Ne
1982;4,5;-80,3;6,83;4,83;Negativno;Ne
1983;3,6;-57,4;7,01;3,61;Negativno;Ne
1984;5,3;-57,7;7,37;2,99;Negativno;Ne
1985;14,6;-44,5;7,51;5,48;Negativno;Ne
1986;8,1;-70,6;6,95;4,66;Negativno;Ne
1987;6,2;-37,1;7,61;5,32;Negativno;Ne
1988;1,6;-55,6;6,21;0,26;Negativno;Ne
1989;10,7;-15,6;7,09;4,1;Negativno;Ne
1990;4,4;-58,0;6,97;4,55;Negativno;Ne
1991;4,5;-49,2;7,18;1,63;Negativno;Ne
1992;7,2;-61,7;6,2;3,55;Negativno;Ne
1993;14,9;-59,7;6,72;1,9;Pozitivno;Ne
1994;13,1;-68,1;7,45;1,15;Negativno;Ne
1995;1,8;-15,2;6,82;5,867775553032347;Pozitivno;Da
1996;13,7;-58,0;7,69;2,52;Negativno;Da
1997;13,5;-57,2;7,23;0,72;Negativno;Ne
1998;3,9;-56,2;6,09;1,51;Negativno;Ne
1999;10,4;-27,0;6,7;5,83;Negativno;Ne
2000;12,3;-34,4;7,4;1,82;Negativno;Ne
